Number, Time, Resource, NoOfElements, Type
60, 163889, file:/tmp/Vitruv/SimuLinkToAutoSARPortTest/testDeleteInPortinBlock()/repetition%2016%20of%2030/model/Model.arxml, 1, Save
61, 130356, file:/tmp/Vitruv/SimuLinkToAutoSARPortTest/testDeleteInPortinBlock()/repetition%2016%20of%2030/model/Model.arxml, 2, Save
62, 144473, file:/tmp/Vitruv/SimuLinkToAutoSARPortTest/testDeleteInPortinBlock()/repetition%2016%20of%2030/model/Model.arxml, 3, Save
63, 107293, file:/tmp/Vitruv/SimuLinkToAutoSARPortTest/testDeleteInPortinBlock()/repetition%2016%20of%2030/model/Model.arxml, 2, Save
64, 149713, file:/tmp/Vitruv/SimuLinkToAutoSARPortTest/testDeleteInPortinBlock()/repetition%2017%20of%2030/model/Model.arxml, 1, Save
65, 131328, file:/tmp/Vitruv/SimuLinkToAutoSARPortTest/testDeleteInPortinBlock()/repetition%2017%20of%2030/model/Model.arxml, 2, Save
66, 98977, file:/tmp/Vitruv/SimuLinkToAutoSARPortTest/testDeleteInPortinBlock()/repetition%2017%20of%2030/model/Model.arxml, 3, Save
67, 136728, file:/tmp/Vitruv/SimuLinkToAutoSARPortTest/testDeleteInPortinBlock()/repetition%2017%20of%2030/model/Model.arxml, 2, Save
68, 336426, file:/tmp/Vitruv/SimuLinkToAutoSARPortTest/testDeleteInPortinBlock()/repetition%2018%20of%2030/model/Model.arxml, 1, Save
69, 102473, file:/tmp/Vitruv/SimuLinkToAutoSARPortTest/testDeleteInPortinBlock()/repetition%2018%20of%2030/model/Model.arxml, 2, Save
70, 129975, file:/tmp/Vitruv/SimuLinkToAutoSARPortTest/testDeleteInPortinBlock()/repetition%2018%20of%2030/model/Model.arxml, 3, Save
71, 104287, file:/tmp/Vitruv/SimuLinkToAutoSARPortTest/testDeleteInPortinBlock()/repetition%2018%20of%2030/model/Model.arxml, 2, Save
72, 129645, file:/tmp/Vitruv/SimuLinkToAutoSARPortTest/testDeleteInPortinBlock()/repetition%2019%20of%2030/model/Model.arxml, 1, Save
73, 90861, file:/tmp/Vitruv/SimuLinkToAutoSARPortTest/testDeleteInPortinBlock()/repetition%2019%20of%2030/model/Model.arxml, 2, Save
74, 94959, file:/tmp/Vitruv/SimuLinkToAutoSARPortTest/testDeleteInPortinBlock()/repetition%2019%20of%2030/model/Model.arxml, 3, Save
75, 101362, file:/tmp/Vitruv/SimuLinkToAutoSARPortTest/testDeleteInPortinBlock()/repetition%2019%20of%2030/model/Model.arxml, 2, Save
76, 139333, file:/tmp/Vitruv/SimuLinkToAutoSARPortTest/testDeleteInPortinBlock()/repetition%2020%20of%2030/model/Model.arxml, 1, Save
77, 105329, file:/tmp/Vitruv/SimuLinkToAutoSARPortTest/testDeleteInPortinBlock()/repetition%2020%20of%2030/model/Model.arxml, 2, Save
78, 122492, file:/tmp/Vitruv/SimuLinkToAutoSARPortTest/testDeleteInPortinBlock()/repetition%2020%20of%2030/model/Model.arxml, 3, Save
79, 149553, file:/tmp/Vitruv/SimuLinkToAutoSARPortTest/testDeleteInPortinBlock()/repetition%2020%20of%2030/model/Model.arxml, 2, Save
80, 144182, file:/tmp/Vitruv/SimuLinkToAutoSARPortTest/testDeleteInPortinBlock()/repetition%2021%20of%2030/model/Model.arxml, 1, Save
81, 87836, file:/tmp/Vitruv/SimuLinkToAutoSARPortTest/testDeleteInPortinBlock()/repetition%2021%20of%2030/model/Model.arxml, 2, Save
82, 80573, file:/tmp/Vitruv/SimuLinkToAutoSARPortTest/testDeleteInPortinBlock()/repetition%2021%20of%2030/model/Model.arxml, 3, Save
83, 65033, file:/tmp/Vitruv/SimuLinkToAutoSARPortTest/testDeleteInPortinBlock()/repetition%2021%20of%2030/model/Model.arxml, 2, Save
84, 142519, file:/tmp/Vitruv/SimuLinkToAutoSARPortTest/testDeleteInPortinBlock()/repetition%2022%20of%2030/model/Model.arxml, 1, Save
85, 86924, file:/tmp/Vitruv/SimuLinkToAutoSARPortTest/testDeleteInPortinBlock()/repetition%2022%20of%2030/model/Model.arxml, 2, Save
86, 104998, file:/tmp/Vitruv/SimuLinkToAutoSARPortTest/testDeleteInPortinBlock()/repetition%2022%20of%2030/model/Model.arxml, 3, Save
87, 74941, file:/tmp/Vitruv/SimuLinkToAutoSARPortTest/testDeleteInPortinBlock()/repetition%2022%20of%2030/model/Model.arxml, 2, Save
88, 160864, file:/tmp/Vitruv/SimuLinkToAutoSARPortTest/testDeleteInPortinBlock()/repetition%2023%20of%2030/model/Model.arxml, 1, Save
89, 169651, file:/tmp/Vitruv/SimuLinkToAutoSARPortTest/testDeleteInPortinBlock()/repetition%2023%20of%2030/model/Model.arxml, 2, Save
90, 107333, file:/tmp/Vitruv/SimuLinkToAutoSARPortTest/testDeleteInPortinBlock()/repetition%2023%20of%2030/model/Model.arxml, 3, Save
91, 109347, file:/tmp/Vitruv/SimuLinkToAutoSARPortTest/testDeleteInPortinBlock()/repetition%2023%20of%2030/model/Model.arxml, 2, Save
92, 128523, file:/tmp/Vitruv/SimuLinkToAutoSARPortTest/testDeleteInPortinBlock()/repetition%2024%20of%2030/model/Model.arxml, 1, Save
93, 89429, file:/tmp/Vitruv/SimuLinkToAutoSARPortTest/testDeleteInPortinBlock()/repetition%2024%20of%2030/model/Model.arxml, 2, Save
94, 102774, file:/tmp/Vitruv/SimuLinkToAutoSARPortTest/testDeleteInPortinBlock()/repetition%2024%20of%2030/model/Model.arxml, 3, Save
95, 75973, file:/tmp/Vitruv/SimuLinkToAutoSARPortTest/testDeleteInPortinBlock()/repetition%2024%20of%2030/model/Model.arxml, 2, Save
96, 130737, file:/tmp/Vitruv/SimuLinkToAutoSARPortTest/testDeleteInPortinBlock()/repetition%2025%20of%2030/model/Model.arxml, 1, Save
97, 101382, file:/tmp/Vitruv/SimuLinkToAutoSARPortTest/testDeleteInPortinBlock()/repetition%2025%20of%2030/model/Model.arxml, 2, Save
98, 78428, file:/tmp/Vitruv/SimuLinkToAutoSARPortTest/testDeleteInPortinBlock()/repetition%2025%20of%2030/model/Model.arxml, 3, Save
99, 64852, file:/tmp/Vitruv/SimuLinkToAutoSARPortTest/testDeleteInPortinBlock()/repetition%2025%20of%2030/model/Model.arxml, 2, Save
100, 145094, file:/tmp/Vitruv/SimuLinkToAutoSARPortTest/testDeleteInPortinBlock()/repetition%2026%20of%2030/model/Model.arxml, 1, Save
101, 121369, file:/tmp/Vitruv/SimuLinkToAutoSARPortTest/testDeleteInPortinBlock()/repetition%2026%20of%2030/model/Model.arxml, 2, Save
102, 74701, file:/tmp/Vitruv/SimuLinkToAutoSARPortTest/testDeleteInPortinBlock()/repetition%2026%20of%2030/model/Model.arxml, 3, Save
103, 90882, file:/tmp/Vitruv/SimuLinkToAutoSARPortTest/testDeleteInPortinBlock()/repetition%2026%20of%2030/model/Model.arxml, 2, Save
104, 122412, file:/tmp/Vitruv/SimuLinkToAutoSARPortTest/testDeleteInPortinBlock()/repetition%2027%20of%2030/model/Model.arxml, 1, Save
105, 83999, file:/tmp/Vitruv/SimuLinkToAutoSARPortTest/testDeleteInPortinBlock()/repetition%2027%20of%2030/model/Model.arxml, 2, Save
106, 78909, file:/tmp/Vitruv/SimuLinkToAutoSARPortTest/testDeleteInPortinBlock()/repetition%2027%20of%2030/model/Model.arxml, 3, Save
107, 67026, file:/tmp/Vitruv/SimuLinkToAutoSARPortTest/testDeleteInPortinBlock()/repetition%2027%20of%2030/model/Model.arxml, 2, Save
108, 122281, file:/tmp/Vitruv/SimuLinkToAutoSARPortTest/testDeleteInPortinBlock()/repetition%2028%20of%2030/model/Model.arxml, 1, Save
109, 73719, file:/tmp/Vitruv/SimuLinkToAutoSARPortTest/testDeleteInPortinBlock()/repetition%2028%20of%2030/model/Model.arxml, 2, Save
110, 68459, file:/tmp/Vitruv/SimuLinkToAutoSARPortTest/testDeleteInPortinBlock()/repetition%2028%20of%2030/model/Model.arxml, 3, Save
111, 60374, file:/tmp/Vitruv/SimuLinkToAutoSARPortTest/testDeleteInPortinBlock()/repetition%2028%20of%2030/model/Model.arxml, 2, Save
112, 206691, file:/tmp/Vitruv/SimuLinkToAutoSARPortTest/testDeleteInPortinBlock()/repetition%2029%20of%2030/model/Model.arxml, 1, Save
113, 92835, file:/tmp/Vitruv/SimuLinkToAutoSARPortTest/testDeleteInPortinBlock()/repetition%2029%20of%2030/model/Model.arxml, 2, Save
114, 91312, file:/tmp/Vitruv/SimuLinkToAutoSARPortTest/testDeleteInPortinBlock()/repetition%2029%20of%2030/model/Model.arxml, 3, Save
115, 91884, file:/tmp/Vitruv/SimuLinkToAutoSARPortTest/testDeleteInPortinBlock()/repetition%2029%20of%2030/model/Model.arxml, 2, Save
116, 119686, file:/tmp/Vitruv/SimuLinkToAutoSARPortTest/testDeleteInPortinBlock()/repetition%2030%20of%2030/model/Model.arxml, 1, Save
117, 73018, file:/tmp/Vitruv/SimuLinkToAutoSARPortTest/testDeleteInPortinBlock()/repetition%2030%20of%2030/model/Model.arxml, 2, Save
118, 75703, file:/tmp/Vitruv/SimuLinkToAutoSARPortTest/testDeleteInPortinBlock()/repetition%2030%20of%2030/model/Model.arxml, 3, Save
119, 59272, file:/tmp/Vitruv/SimuLinkToAutoSARPortTest/testDeleteInPortinBlock()/repetition%2030%20of%2030/model/Model.arxml, 2, Save
165, 180140, file:/tmp/Vitruv/SimuLinkToAutoSARPortTest/testCreateOutPortinBlock()/repetition%2016%20of%2030/model/Model.arxml, 1, Save
166, 101011, file:/tmp/Vitruv/SimuLinkToAutoSARPortTest/testCreateOutPortinBlock()/repetition%2016%20of%2030/model/Model.arxml, 2, Save
167, 77667, file:/tmp/Vitruv/SimuLinkToAutoSARPortTest/testCreateOutPortinBlock()/repetition%2016%20of%2030/model/Model.arxml, 3, Save
168, 125156, file:/tmp/Vitruv/SimuLinkToAutoSARPortTest/testCreateOutPortinBlock()/repetition%2017%20of%2030/model/Model.arxml, 1, Save
169, 110118, file:/tmp/Vitruv/SimuLinkToAutoSARPortTest/testCreateOutPortinBlock()/repetition%2017%20of%2030/model/Model.arxml, 2, Save
170, 125617, file:/tmp/Vitruv/SimuLinkToAutoSARPortTest/testCreateOutPortinBlock()/repetition%2017%20of%2030/model/Model.arxml, 3, Save
171, 130747, file:/tmp/Vitruv/SimuLinkToAutoSARPortTest/testCreateOutPortinBlock()/repetition%2018%20of%2030/model/Model.arxml, 1, Save
172, 116631, file:/tmp/Vitruv/SimuLinkToAutoSARPortTest/testCreateOutPortinBlock()/repetition%2018%20of%2030/model/Model.arxml, 2, Save
173, 118333, file:/tmp/Vitruv/SimuLinkToAutoSARPortTest/testCreateOutPortinBlock()/repetition%2018%20of%2030/model/Model.arxml, 3, Save
174, 130817, file:/tmp/Vitruv/SimuLinkToAutoSARPortTest/testCreateOutPortinBlock()/repetition%2019%20of%2030/model/Model.arxml, 1, Save
175, 83528, file:/tmp/Vitruv/SimuLinkToAutoSARPortTest/testCreateOutPortinBlock()/repetition%2019%20of%2030/model/Model.arxml, 2, Save
176, 69491, file:/tmp/Vitruv/SimuLinkToAutoSARPortTest/testCreateOutPortinBlock()/repetition%2019%20of%2030/model/Model.arxml, 3, Save
177, 157718, file:/tmp/Vitruv/SimuLinkToAutoSARPortTest/testCreateOutPortinBlock()/repetition%2020%20of%2030/model/Model.arxml, 1, Save
178, 105920, file:/tmp/Vitruv/SimuLinkToAutoSARPortTest/testCreateOutPortinBlock()/repetition%2020%20of%2030/model/Model.arxml, 2, Save
179, 196310, file:/tmp/Vitruv/SimuLinkToAutoSARPortTest/testCreateOutPortinBlock()/repetition%2020%20of%2030/model/Model.arxml, 3, Save
180, 140075, file:/tmp/Vitruv/SimuLinkToAutoSARPortTest/testCreateOutPortinBlock()/repetition%2021%20of%2030/model/Model.arxml, 1, Save
181, 92434, file:/tmp/Vitruv/SimuLinkToAutoSARPortTest/testCreateOutPortinBlock()/repetition%2021%20of%2030/model/Model.arxml, 2, Save
182, 90291, file:/tmp/Vitruv/SimuLinkToAutoSARPortTest/testCreateOutPortinBlock()/repetition%2021%20of%2030/model/Model.arxml, 3, Save
183, 171895, file:/tmp/Vitruv/SimuLinkToAutoSARPortTest/testCreateOutPortinBlock()/repetition%2022%20of%2030/model/Model.arxml, 1, Save
184, 174710, file:/tmp/Vitruv/SimuLinkToAutoSARPortTest/testCreateOutPortinBlock()/repetition%2022%20of%2030/model/Model.arxml, 2, Save
185, 83417, file:/tmp/Vitruv/SimuLinkToAutoSARPortTest/testCreateOutPortinBlock()/repetition%2022%20of%2030/model/Model.arxml, 3, Save
186, 121119, file:/tmp/Vitruv/SimuLinkToAutoSARPortTest/testCreateOutPortinBlock()/repetition%2023%20of%2030/model/Model.arxml, 1, Save
187, 78428, file:/tmp/Vitruv/SimuLinkToAutoSARPortTest/testCreateOutPortinBlock()/repetition%2023%20of%2030/model/Model.arxml, 2, Save
188, 92895, file:/tmp/Vitruv/SimuLinkToAutoSARPortTest/testCreateOutPortinBlock()/repetition%2023%20of%2030/model/Model.arxml, 3, Save
189, 138130, file:/tmp/Vitruv/SimuLinkToAutoSARPortTest/testCreateOutPortinBlock()/repetition%2024%20of%2030/model/Model.arxml, 1, Save
190, 117802, file:/tmp/Vitruv/SimuLinkToAutoSARPortTest/testCreateOutPortinBlock()/repetition%2024%20of%2030/model/Model.arxml, 2, Save
191, 109708, file:/tmp/Vitruv/SimuLinkToAutoSARPortTest/testCreateOutPortinBlock()/repetition%2024%20of%2030/model/Model.arxml, 3, Save
192, 214014, file:/tmp/Vitruv/SimuLinkToAutoSARPortTest/testCreateOutPortinBlock()/repetition%2025%20of%2030/model/Model.arxml, 1, Save
193, 77246, file:/tmp/Vitruv/SimuLinkToAutoSARPortTest/testCreateOutPortinBlock()/repetition%2025%20of%2030/model/Model.arxml, 2, Save
194, 215958, file:/tmp/Vitruv/SimuLinkToAutoSARPortTest/testCreateOutPortinBlock()/repetition%2025%20of%2030/model/Model.arxml, 3, Save
195, 145916, file:/tmp/Vitruv/SimuLinkToAutoSARPortTest/testCreateOutPortinBlock()/repetition%2026%20of%2030/model/Model.arxml, 1, Save
196, 103686, file:/tmp/Vitruv/SimuLinkToAutoSARPortTest/testCreateOutPortinBlock()/repetition%2026%20of%2030/model/Model.arxml, 2, Save
197, 83688, file:/tmp/Vitruv/SimuLinkToAutoSARPortTest/testCreateOutPortinBlock()/repetition%2026%20of%2030/model/Model.arxml, 3, Save
198, 114657, file:/tmp/Vitruv/SimuLinkToAutoSARPortTest/testCreateOutPortinBlock()/repetition%2027%20of%2030/model/Model.arxml, 1, Save
199, 81453, file:/tmp/Vitruv/SimuLinkToAutoSARPortTest/testCreateOutPortinBlock()/repetition%2027%20of%2030/model/Model.arxml, 2, Save
200, 85842, file:/tmp/Vitruv/SimuLinkToAutoSARPortTest/testCreateOutPortinBlock()/repetition%2027%20of%2030/model/Model.arxml, 3, Save
201, 177355, file:/tmp/Vitruv/SimuLinkToAutoSARPortTest/testCreateOutPortinBlock()/repetition%2028%20of%2030/model/Model.arxml, 1, Save
202, 69071, file:/tmp/Vitruv/SimuLinkToAutoSARPortTest/testCreateOutPortinBlock()/repetition%2028%20of%2030/model/Model.arxml, 2, Save
203, 97214, file:/tmp/Vitruv/SimuLinkToAutoSARPortTest/testCreateOutPortinBlock()/repetition%2028%20of%2030/model/Model.arxml, 3, Save
204, 99809, file:/tmp/Vitruv/SimuLinkToAutoSARPortTest/testCreateOutPortinBlock()/repetition%2029%20of%2030/model/Model.arxml, 1, Save
205, 64522, file:/tmp/Vitruv/SimuLinkToAutoSARPortTest/testCreateOutPortinBlock()/repetition%2029%20of%2030/model/Model.arxml, 2, Save
206, 64231, file:/tmp/Vitruv/SimuLinkToAutoSARPortTest/testCreateOutPortinBlock()/repetition%2029%20of%2030/model/Model.arxml, 3, Save
207, 118303, file:/tmp/Vitruv/SimuLinkToAutoSARPortTest/testCreateOutPortinBlock()/repetition%2030%20of%2030/model/Model.arxml, 1, Save
208, 102904, file:/tmp/Vitruv/SimuLinkToAutoSARPortTest/testCreateOutPortinBlock()/repetition%2030%20of%2030/model/Model.arxml, 2, Save
209, 185049, file:/tmp/Vitruv/SimuLinkToAutoSARPortTest/testCreateOutPortinBlock()/repetition%2030%20of%2030/model/Model.arxml, 3, Save
270, 90471, file:/tmp/Vitruv/SimuLinkToAutoSARPortTest/testDeleteOutPortinSwComponent()/repetition%2016%20of%2030/model/Model.arxml, 1, Save
271, 65574, file:/tmp/Vitruv/SimuLinkToAutoSARPortTest/testDeleteOutPortinSwComponent()/repetition%2016%20of%2030/model/Model.arxml, 2, Save
272, 68239, file:/tmp/Vitruv/SimuLinkToAutoSARPortTest/testDeleteOutPortinSwComponent()/repetition%2016%20of%2030/model/Model.arxml, 3, Save
273, 57348, file:/tmp/Vitruv/SimuLinkToAutoSARPortTest/testDeleteOutPortinSwComponent()/repetition%2016%20of%2030/model/Model.arxml, 2, Save
274, 88036, file:/tmp/Vitruv/SimuLinkToAutoSARPortTest/testDeleteOutPortinSwComponent()/repetition%2017%20of%2030/model/Model.arxml, 1, Save
275, 102794, file:/tmp/Vitruv/SimuLinkToAutoSARPortTest/testDeleteOutPortinSwComponent()/repetition%2017%20of%2030/model/Model.arxml, 2, Save
276, 98246, file:/tmp/Vitruv/SimuLinkToAutoSARPortTest/testDeleteOutPortinSwComponent()/repetition%2017%20of%2030/model/Model.arxml, 3, Save
277, 53401, file:/tmp/Vitruv/SimuLinkToAutoSARPortTest/testDeleteOutPortinSwComponent()/repetition%2017%20of%2030/model/Model.arxml, 2, Save
278, 90210, file:/tmp/Vitruv/SimuLinkToAutoSARPortTest/testDeleteOutPortinSwComponent()/repetition%2018%20of%2030/model/Model.arxml, 1, Save
279, 136218, file:/tmp/Vitruv/SimuLinkToAutoSARPortTest/testDeleteOutPortinSwComponent()/repetition%2018%20of%2030/model/Model.arxml, 2, Save
280, 85080, file:/tmp/Vitruv/SimuLinkToAutoSARPortTest/testDeleteOutPortinSwComponent()/repetition%2018%20of%2030/model/Model.arxml, 3, Save
281, 139393, file:/tmp/Vitruv/SimuLinkToAutoSARPortTest/testDeleteOutPortinSwComponent()/repetition%2018%20of%2030/model/Model.arxml, 2, Save
282, 101942, file:/tmp/Vitruv/SimuLinkToAutoSARPortTest/testDeleteOutPortinSwComponent()/repetition%2019%20of%2030/model/Model.arxml, 1, Save
283, 62368, file:/tmp/Vitruv/SimuLinkToAutoSARPortTest/testDeleteOutPortinSwComponent()/repetition%2019%20of%2030/model/Model.arxml, 2, Save
284, 70693, file:/tmp/Vitruv/SimuLinkToAutoSARPortTest/testDeleteOutPortinSwComponent()/repetition%2019%20of%2030/model/Model.arxml, 3, Save
285, 56917, file:/tmp/Vitruv/SimuLinkToAutoSARPortTest/testDeleteOutPortinSwComponent()/repetition%2019%20of%2030/model/Model.arxml, 2, Save
286, 97274, file:/tmp/Vitruv/SimuLinkToAutoSARPortTest/testDeleteOutPortinSwComponent()/repetition%2020%20of%2030/model/Model.arxml, 1, Save
287, 60223, file:/tmp/Vitruv/SimuLinkToAutoSARPortTest/testDeleteOutPortinSwComponent()/repetition%2020%20of%2030/model/Model.arxml, 2, Save
288, 79660, file:/tmp/Vitruv/SimuLinkToAutoSARPortTest/testDeleteOutPortinSwComponent()/repetition%2020%20of%2030/model/Model.arxml, 3, Save
289, 81665, file:/tmp/Vitruv/SimuLinkToAutoSARPortTest/testDeleteOutPortinSwComponent()/repetition%2020%20of%2030/model/Model.arxml, 2, Save
290, 110439, file:/tmp/Vitruv/SimuLinkToAutoSARPortTest/testDeleteOutPortinSwComponent()/repetition%2021%20of%2030/model/Model.arxml, 1, Save
291, 70724, file:/tmp/Vitruv/SimuLinkToAutoSARPortTest/testDeleteOutPortinSwComponent()/repetition%2021%20of%2030/model/Model.arxml, 2, Save
292, 63169, file:/tmp/Vitruv/SimuLinkToAutoSARPortTest/testDeleteOutPortinSwComponent()/repetition%2021%20of%2030/model/Model.arxml, 3, Save
293, 62037, file:/tmp/Vitruv/SimuLinkToAutoSARPortTest/testDeleteOutPortinSwComponent()/repetition%2021%20of%2030/model/Model.arxml, 2, Save
294, 101702, file:/tmp/Vitruv/SimuLinkToAutoSARPortTest/testDeleteOutPortinSwComponent()/repetition%2022%20of%2030/model/Model.arxml, 1, Save
295, 63099, file:/tmp/Vitruv/SimuLinkToAutoSARPortTest/testDeleteOutPortinSwComponent()/repetition%2022%20of%2030/model/Model.arxml, 2, Save
296, 72567, file:/tmp/Vitruv/SimuLinkToAutoSARPortTest/testDeleteOutPortinSwComponent()/repetition%2022%20of%2030/model/Model.arxml, 3, Save
297, 64752, file:/tmp/Vitruv/SimuLinkToAutoSARPortTest/testDeleteOutPortinSwComponent()/repetition%2022%20of%2030/model/Model.arxml, 2, Save
298, 133051, file:/tmp/Vitruv/SimuLinkToAutoSARPortTest/testDeleteOutPortinSwComponent()/repetition%2023%20of%2030/model/Model.arxml, 1, Save
299, 71515, file:/tmp/Vitruv/SimuLinkToAutoSARPortTest/testDeleteOutPortinSwComponent()/repetition%2023%20of%2030/model/Model.arxml, 2, Save
300, 74401, file:/tmp/Vitruv/SimuLinkToAutoSARPortTest/testDeleteOutPortinSwComponent()/repetition%2023%20of%2030/model/Model.arxml, 3, Save
301, 70193, file:/tmp/Vitruv/SimuLinkToAutoSARPortTest/testDeleteOutPortinSwComponent()/repetition%2023%20of%2030/model/Model.arxml, 2, Save
302, 107743, file:/tmp/Vitruv/SimuLinkToAutoSARPortTest/testDeleteOutPortinSwComponent()/repetition%2024%20of%2030/model/Model.arxml, 1, Save
303, 73519, file:/tmp/Vitruv/SimuLinkToAutoSARPortTest/testDeleteOutPortinSwComponent()/repetition%2024%20of%2030/model/Model.arxml, 2, Save
304, 78418, file:/tmp/Vitruv/SimuLinkToAutoSARPortTest/testDeleteOutPortinSwComponent()/repetition%2024%20of%2030/model/Model.arxml, 3, Save
305, 65354, file:/tmp/Vitruv/SimuLinkToAutoSARPortTest/testDeleteOutPortinSwComponent()/repetition%2024%20of%2030/model/Model.arxml, 2, Save
306, 144403, file:/tmp/Vitruv/SimuLinkToAutoSARPortTest/testDeleteOutPortinSwComponent()/repetition%2025%20of%2030/model/Model.arxml, 1, Save
307, 76365, file:/tmp/Vitruv/SimuLinkToAutoSARPortTest/testDeleteOutPortinSwComponent()/repetition%2025%20of%2030/model/Model.arxml, 2, Save
308, 78428, file:/tmp/Vitruv/SimuLinkToAutoSARPortTest/testDeleteOutPortinSwComponent()/repetition%2025%20of%2030/model/Model.arxml, 3, Save
309, 58921, file:/tmp/Vitruv/SimuLinkToAutoSARPortTest/testDeleteOutPortinSwComponent()/repetition%2025%20of%2030/model/Model.arxml, 2, Save
310, 166795, file:/tmp/Vitruv/SimuLinkToAutoSARPortTest/testDeleteOutPortinSwComponent()/repetition%2026%20of%2030/model/Model.arxml, 1, Save
311, 80382, file:/tmp/Vitruv/SimuLinkToAutoSARPortTest/testDeleteOutPortinSwComponent()/repetition%2026%20of%2030/model/Model.arxml, 2, Save
312, 97685, file:/tmp/Vitruv/SimuLinkToAutoSARPortTest/testDeleteOutPortinSwComponent()/repetition%2026%20of%2030/model/Model.arxml, 3, Save
313, 78919, file:/tmp/Vitruv/SimuLinkToAutoSARPortTest/testDeleteOutPortinSwComponent()/repetition%2026%20of%2030/model/Model.arxml, 2, Save
314, 128032, file:/tmp/Vitruv/SimuLinkToAutoSARPortTest/testDeleteOutPortinSwComponent()/repetition%2027%20of%2030/model/Model.arxml, 1, Save
315, 83007, file:/tmp/Vitruv/SimuLinkToAutoSARPortTest/testDeleteOutPortinSwComponent()/repetition%2027%20of%2030/model/Model.arxml, 2, Save
316, 75032, file:/tmp/Vitruv/SimuLinkToAutoSARPortTest/testDeleteOutPortinSwComponent()/repetition%2027%20of%2030/model/Model.arxml, 3, Save
317, 62378, file:/tmp/Vitruv/SimuLinkToAutoSARPortTest/testDeleteOutPortinSwComponent()/repetition%2027%20of%2030/model/Model.arxml, 2, Save
318, 178286, file:/tmp/Vitruv/SimuLinkToAutoSARPortTest/testDeleteOutPortinSwComponent()/repetition%2028%20of%2030/model/Model.arxml, 1, Save
319, 127451, file:/tmp/Vitruv/SimuLinkToAutoSARPortTest/testDeleteOutPortinSwComponent()/repetition%2028%20of%2030/model/Model.arxml, 2, Save
320, 96793, file:/tmp/Vitruv/SimuLinkToAutoSARPortTest/testDeleteOutPortinSwComponent()/repetition%2028%20of%2030/model/Model.arxml, 3, Save
321, 113525, file:/tmp/Vitruv/SimuLinkToAutoSARPortTest/testDeleteOutPortinSwComponent()/repetition%2028%20of%2030/model/Model.arxml, 2, Save
322, 172396, file:/tmp/Vitruv/SimuLinkToAutoSARPortTest/testDeleteOutPortinSwComponent()/repetition%2029%20of%2030/model/Model.arxml, 1, Save
323, 118474, file:/tmp/Vitruv/SimuLinkToAutoSARPortTest/testDeleteOutPortinSwComponent()/repetition%2029%20of%2030/model/Model.arxml, 2, Save
324, 78108, file:/tmp/Vitruv/SimuLinkToAutoSARPortTest/testDeleteOutPortinSwComponent()/repetition%2029%20of%2030/model/Model.arxml, 3, Save
325, 66145, file:/tmp/Vitruv/SimuLinkToAutoSARPortTest/testDeleteOutPortinSwComponent()/repetition%2029%20of%2030/model/Model.arxml, 2, Save
326, 167396, file:/tmp/Vitruv/SimuLinkToAutoSARPortTest/testDeleteOutPortinSwComponent()/repetition%2030%20of%2030/model/Model.arxml, 1, Save
327, 138651, file:/tmp/Vitruv/SimuLinkToAutoSARPortTest/testDeleteOutPortinSwComponent()/repetition%2030%20of%2030/model/Model.arxml, 2, Save
328, 75673, file:/tmp/Vitruv/SimuLinkToAutoSARPortTest/testDeleteOutPortinSwComponent()/repetition%2030%20of%2030/model/Model.arxml, 3, Save
329, 83668, file:/tmp/Vitruv/SimuLinkToAutoSARPortTest/testDeleteOutPortinSwComponent()/repetition%2030%20of%2030/model/Model.arxml, 2, Save
375, 118143, file:/tmp/Vitruv/SimuLinkToAutoSARPortTest/testCreateInPortinBlock()/repetition%2016%20of%2030/model/Model.arxml, 1, Save
376, 73409, file:/tmp/Vitruv/SimuLinkToAutoSARPortTest/testCreateInPortinBlock()/repetition%2016%20of%2030/model/Model.arxml, 2, Save
377, 66836, file:/tmp/Vitruv/SimuLinkToAutoSARPortTest/testCreateInPortinBlock()/repetition%2016%20of%2030/model/Model.arxml, 3, Save
378, 141387, file:/tmp/Vitruv/SimuLinkToAutoSARPortTest/testCreateInPortinBlock()/repetition%2017%20of%2030/model/Model.arxml, 1, Save
379, 78047, file:/tmp/Vitruv/SimuLinkToAutoSARPortTest/testCreateInPortinBlock()/repetition%2017%20of%2030/model/Model.arxml, 2, Save
380, 66836, file:/tmp/Vitruv/SimuLinkToAutoSARPortTest/testCreateInPortinBlock()/repetition%2017%20of%2030/model/Model.arxml, 3, Save
381, 111180, file:/tmp/Vitruv/SimuLinkToAutoSARPortTest/testCreateInPortinBlock()/repetition%2018%20of%2030/model/Model.arxml, 1, Save
382, 84500, file:/tmp/Vitruv/SimuLinkToAutoSARPortTest/testCreateInPortinBlock()/repetition%2018%20of%2030/model/Model.arxml, 2, Save
383, 66355, file:/tmp/Vitruv/SimuLinkToAutoSARPortTest/testCreateInPortinBlock()/repetition%2018%20of%2030/model/Model.arxml, 3, Save
384, 109546, file:/tmp/Vitruv/SimuLinkToAutoSARPortTest/testCreateInPortinBlock()/repetition%2019%20of%2030/model/Model.arxml, 1, Save
385, 85111, file:/tmp/Vitruv/SimuLinkToAutoSARPortTest/testCreateInPortinBlock()/repetition%2019%20of%2030/model/Model.arxml, 2, Save
386, 73779, file:/tmp/Vitruv/SimuLinkToAutoSARPortTest/testCreateInPortinBlock()/repetition%2019%20of%2030/model/Model.arxml, 3, Save
387, 110168, file:/tmp/Vitruv/SimuLinkToAutoSARPortTest/testCreateInPortinBlock()/repetition%2020%20of%2030/model/Model.arxml, 1, Save
388, 64672, file:/tmp/Vitruv/SimuLinkToAutoSARPortTest/testCreateInPortinBlock()/repetition%2020%20of%2030/model/Model.arxml, 2, Save
389, 65724, file:/tmp/Vitruv/SimuLinkToAutoSARPortTest/testCreateInPortinBlock()/repetition%2020%20of%2030/model/Model.arxml, 3, Save
390, 108184, file:/tmp/Vitruv/SimuLinkToAutoSARPortTest/testCreateInPortinBlock()/repetition%2021%20of%2030/model/Model.arxml, 1, Save
391, 66926, file:/tmp/Vitruv/SimuLinkToAutoSARPortTest/testCreateInPortinBlock()/repetition%2021%20of%2030/model/Model.arxml, 2, Save
392, 62178, file:/tmp/Vitruv/SimuLinkToAutoSARPortTest/testCreateInPortinBlock()/repetition%2021%20of%2030/model/Model.arxml, 3, Save
393, 129755, file:/tmp/Vitruv/SimuLinkToAutoSARPortTest/testCreateInPortinBlock()/repetition%2022%20of%2030/model/Model.arxml, 1, Save
394, 68529, file:/tmp/Vitruv/SimuLinkToAutoSARPortTest/testCreateInPortinBlock()/repetition%2022%20of%2030/model/Model.arxml, 2, Save
395, 60995, file:/tmp/Vitruv/SimuLinkToAutoSARPortTest/testCreateInPortinBlock()/repetition%2022%20of%2030/model/Model.arxml, 3, Save
396, 127611, file:/tmp/Vitruv/SimuLinkToAutoSARPortTest/testCreateInPortinBlock()/repetition%2023%20of%2030/model/Model.arxml, 1, Save
397, 69652, file:/tmp/Vitruv/SimuLinkToAutoSARPortTest/testCreateInPortinBlock()/repetition%2023%20of%2030/model/Model.arxml, 2, Save
398, 62168, file:/tmp/Vitruv/SimuLinkToAutoSARPortTest/testCreateInPortinBlock()/repetition%2023%20of%2030/model/Model.arxml, 3, Save
399, 134695, file:/tmp/Vitruv/SimuLinkToAutoSARPortTest/testCreateInPortinBlock()/repetition%2024%20of%2030/model/Model.arxml, 1, Save
400, 78919, file:/tmp/Vitruv/SimuLinkToAutoSARPortTest/testCreateInPortinBlock()/repetition%2024%20of%2030/model/Model.arxml, 2, Save
401, 86964, file:/tmp/Vitruv/SimuLinkToAutoSARPortTest/testCreateInPortinBlock()/repetition%2024%20of%2030/model/Model.arxml, 3, Save
402, 89028, file:/tmp/Vitruv/SimuLinkToAutoSARPortTest/testCreateInPortinBlock()/repetition%2025%20of%2030/model/Model.arxml, 1, Save
403, 58521, file:/tmp/Vitruv/SimuLinkToAutoSARPortTest/testCreateInPortinBlock()/repetition%2025%20of%2030/model/Model.arxml, 2, Save
404, 62167, file:/tmp/Vitruv/SimuLinkToAutoSARPortTest/testCreateInPortinBlock()/repetition%2025%20of%2030/model/Model.arxml, 3, Save
405, 118143, file:/tmp/Vitruv/SimuLinkToAutoSARPortTest/testCreateInPortinBlock()/repetition%2026%20of%2030/model/Model.arxml, 1, Save
406, 61236, file:/tmp/Vitruv/SimuLinkToAutoSARPortTest/testCreateInPortinBlock()/repetition%2026%20of%2030/model/Model.arxml, 2, Save
407, 61736, file:/tmp/Vitruv/SimuLinkToAutoSARPortTest/testCreateInPortinBlock()/repetition%2026%20of%2030/model/Model.arxml, 3, Save
408, 114656, file:/tmp/Vitruv/SimuLinkToAutoSARPortTest/testCreateInPortinBlock()/repetition%2027%20of%2030/model/Model.arxml, 1, Save
409, 72777, file:/tmp/Vitruv/SimuLinkToAutoSARPortTest/testCreateInPortinBlock()/repetition%2027%20of%2030/model/Model.arxml, 2, Save
410, 79911, file:/tmp/Vitruv/SimuLinkToAutoSARPortTest/testCreateInPortinBlock()/repetition%2027%20of%2030/model/Model.arxml, 3, Save
411, 110318, file:/tmp/Vitruv/SimuLinkToAutoSARPortTest/testCreateInPortinBlock()/repetition%2028%20of%2030/model/Model.arxml, 1, Save
412, 83718, file:/tmp/Vitruv/SimuLinkToAutoSARPortTest/testCreateInPortinBlock()/repetition%2028%20of%2030/model/Model.arxml, 2, Save
413, 72437, file:/tmp/Vitruv/SimuLinkToAutoSARPortTest/testCreateInPortinBlock()/repetition%2028%20of%2030/model/Model.arxml, 3, Save
414, 122451, file:/tmp/Vitruv/SimuLinkToAutoSARPortTest/testCreateInPortinBlock()/repetition%2029%20of%2030/model/Model.arxml, 1, Save
415, 108044, file:/tmp/Vitruv/SimuLinkToAutoSARPortTest/testCreateInPortinBlock()/repetition%2029%20of%2030/model/Model.arxml, 2, Save
416, 86463, file:/tmp/Vitruv/SimuLinkToAutoSARPortTest/testCreateInPortinBlock()/repetition%2029%20of%2030/model/Model.arxml, 3, Save
417, 117221, file:/tmp/Vitruv/SimuLinkToAutoSARPortTest/testCreateInPortinBlock()/repetition%2030%20of%2030/model/Model.arxml, 1, Save
418, 82666, file:/tmp/Vitruv/SimuLinkToAutoSARPortTest/testCreateInPortinBlock()/repetition%2030%20of%2030/model/Model.arxml, 2, Save
419, 70823, file:/tmp/Vitruv/SimuLinkToAutoSARPortTest/testCreateInPortinBlock()/repetition%2030%20of%2030/model/Model.arxml, 3, Save
465, 159591, file:/tmp/Vitruv/SimuLinkToAutoSARPortTest/testCreateInPortinSubSystem()/repetition%2016%20of%2030/model/Model.arxml, 1, Save
466, 99978, file:/tmp/Vitruv/SimuLinkToAutoSARPortTest/testCreateInPortinSubSystem()/repetition%2016%20of%2030/model/Model.arxml, 2, Save
467, 112823, file:/tmp/Vitruv/SimuLinkToAutoSARPortTest/testCreateInPortinSubSystem()/repetition%2016%20of%2030/model/Model.arxml, 3, Save
468, 122341, file:/tmp/Vitruv/SimuLinkToAutoSARPortTest/testCreateInPortinSubSystem()/repetition%2017%20of%2030/model/Model.arxml, 1, Save
469, 69111, file:/tmp/Vitruv/SimuLinkToAutoSARPortTest/testCreateInPortinSubSystem()/repetition%2017%20of%2030/model/Model.arxml, 2, Save
470, 59732, file:/tmp/Vitruv/SimuLinkToAutoSARPortTest/testCreateInPortinSubSystem()/repetition%2017%20of%2030/model/Model.arxml, 3, Save
471, 132400, file:/tmp/Vitruv/SimuLinkToAutoSARPortTest/testCreateInPortinSubSystem()/repetition%2018%20of%2030/model/Model.arxml, 1, Save
472, 89959, file:/tmp/Vitruv/SimuLinkToAutoSARPortTest/testCreateInPortinSubSystem()/repetition%2018%20of%2030/model/Model.arxml, 2, Save
473, 78058, file:/tmp/Vitruv/SimuLinkToAutoSARPortTest/testCreateInPortinSubSystem()/repetition%2018%20of%2030/model/Model.arxml, 3, Save
474, 128142, file:/tmp/Vitruv/SimuLinkToAutoSARPortTest/testCreateInPortinSubSystem()/repetition%2019%20of%2030/model/Model.arxml, 1, Save
475, 79760, file:/tmp/Vitruv/SimuLinkToAutoSARPortTest/testCreateInPortinSubSystem()/repetition%2019%20of%2030/model/Model.arxml, 2, Save
476, 71986, file:/tmp/Vitruv/SimuLinkToAutoSARPortTest/testCreateInPortinSubSystem()/repetition%2019%20of%2030/model/Model.arxml, 3, Save
477, 117883, file:/tmp/Vitruv/SimuLinkToAutoSARPortTest/testCreateInPortinSubSystem()/repetition%2020%20of%2030/model/Model.arxml, 1, Save
478, 108605, file:/tmp/Vitruv/SimuLinkToAutoSARPortTest/testCreateInPortinSubSystem()/repetition%2020%20of%2030/model/Model.arxml, 2, Save
479, 73930, file:/tmp/Vitruv/SimuLinkToAutoSARPortTest/testCreateInPortinSubSystem()/repetition%2020%20of%2030/model/Model.arxml, 3, Save
480, 111501, file:/tmp/Vitruv/SimuLinkToAutoSARPortTest/testCreateInPortinSubSystem()/repetition%2021%20of%2030/model/Model.arxml, 1, Save
481, 68680, file:/tmp/Vitruv/SimuLinkToAutoSARPortTest/testCreateInPortinSubSystem()/repetition%2021%20of%2030/model/Model.arxml, 2, Save
482, 65163, file:/tmp/Vitruv/SimuLinkToAutoSARPortTest/testCreateInPortinSubSystem()/repetition%2021%20of%2030/model/Model.arxml, 3, Save
483, 129425, file:/tmp/Vitruv/SimuLinkToAutoSARPortTest/testCreateInPortinSubSystem()/repetition%2022%20of%2030/model/Model.arxml, 1, Save
484, 68990, file:/tmp/Vitruv/SimuLinkToAutoSARPortTest/testCreateInPortinSubSystem()/repetition%2022%20of%2030/model/Model.arxml, 2, Save
485, 60635, file:/tmp/Vitruv/SimuLinkToAutoSARPortTest/testCreateInPortinSubSystem()/repetition%2022%20of%2030/model/Model.arxml, 3, Save
486, 121881, file:/tmp/Vitruv/SimuLinkToAutoSARPortTest/testCreateInPortinSubSystem()/repetition%2023%20of%2030/model/Model.arxml, 1, Save
487, 72457, file:/tmp/Vitruv/SimuLinkToAutoSARPortTest/testCreateInPortinSubSystem()/repetition%2023%20of%2030/model/Model.arxml, 2, Save
488, 55485, file:/tmp/Vitruv/SimuLinkToAutoSARPortTest/testCreateInPortinSubSystem()/repetition%2023%20of%2030/model/Model.arxml, 3, Save
489, 115428, file:/tmp/Vitruv/SimuLinkToAutoSARPortTest/testCreateInPortinSubSystem()/repetition%2024%20of%2030/model/Model.arxml, 1, Save
490, 74741, file:/tmp/Vitruv/SimuLinkToAutoSARPortTest/testCreateInPortinSubSystem()/repetition%2024%20of%2030/model/Model.arxml, 2, Save
491, 85762, file:/tmp/Vitruv/SimuLinkToAutoSARPortTest/testCreateInPortinSubSystem()/repetition%2024%20of%2030/model/Model.arxml, 3, Save
492, 119275, file:/tmp/Vitruv/SimuLinkToAutoSARPortTest/testCreateInPortinSubSystem()/repetition%2025%20of%2030/model/Model.arxml, 1, Save
493, 78679, file:/tmp/Vitruv/SimuLinkToAutoSARPortTest/testCreateInPortinSubSystem()/repetition%2025%20of%2030/model/Model.arxml, 2, Save
494, 60464, file:/tmp/Vitruv/SimuLinkToAutoSARPortTest/testCreateInPortinSubSystem()/repetition%2025%20of%2030/model/Model.arxml, 3, Save
495, 98446, file:/tmp/Vitruv/SimuLinkToAutoSARPortTest/testCreateInPortinSubSystem()/repetition%2026%20of%2030/model/Model.arxml, 1, Save
496, 64001, file:/tmp/Vitruv/SimuLinkToAutoSARPortTest/testCreateInPortinSubSystem()/repetition%2026%20of%2030/model/Model.arxml, 2, Save
497, 64562, file:/tmp/Vitruv/SimuLinkToAutoSARPortTest/testCreateInPortinSubSystem()/repetition%2026%20of%2030/model/Model.arxml, 3, Save
498, 124515, file:/tmp/Vitruv/SimuLinkToAutoSARPortTest/testCreateInPortinSubSystem()/repetition%2027%20of%2030/model/Model.arxml, 1, Save
499, 72036, file:/tmp/Vitruv/SimuLinkToAutoSARPortTest/testCreateInPortinSubSystem()/repetition%2027%20of%2030/model/Model.arxml, 2, Save
500, 82286, file:/tmp/Vitruv/SimuLinkToAutoSARPortTest/testCreateInPortinSubSystem()/repetition%2027%20of%2030/model/Model.arxml, 3, Save
501, 117332, file:/tmp/Vitruv/SimuLinkToAutoSARPortTest/testCreateInPortinSubSystem()/repetition%2028%20of%2030/model/Model.arxml, 1, Save
502, 67037, file:/tmp/Vitruv/SimuLinkToAutoSARPortTest/testCreateInPortinSubSystem()/repetition%2028%20of%2030/model/Model.arxml, 2, Save
503, 68810, file:/tmp/Vitruv/SimuLinkToAutoSARPortTest/testCreateInPortinSubSystem()/repetition%2028%20of%2030/model/Model.arxml, 3, Save
504, 102464, file:/tmp/Vitruv/SimuLinkToAutoSARPortTest/testCreateInPortinSubSystem()/repetition%2029%20of%2030/model/Model.arxml, 1, Save
505, 78759, file:/tmp/Vitruv/SimuLinkToAutoSARPortTest/testCreateInPortinSubSystem()/repetition%2029%20of%2030/model/Model.arxml, 2, Save
506, 63790, file:/tmp/Vitruv/SimuLinkToAutoSARPortTest/testCreateInPortinSubSystem()/repetition%2029%20of%2030/model/Model.arxml, 3, Save
507, 127110, file:/tmp/Vitruv/SimuLinkToAutoSARPortTest/testCreateInPortinSubSystem()/repetition%2030%20of%2030/model/Model.arxml, 1, Save
508, 71625, file:/tmp/Vitruv/SimuLinkToAutoSARPortTest/testCreateInPortinSubSystem()/repetition%2030%20of%2030/model/Model.arxml, 2, Save
509, 65484, file:/tmp/Vitruv/SimuLinkToAutoSARPortTest/testCreateInPortinSubSystem()/repetition%2030%20of%2030/model/Model.arxml, 3, Save
600, 135045, file:/tmp/Vitruv/SimuLinkToAutoSARPortTest/testCreateSingleConnectionFromBlockToOutPortBlock()/repetition%2016%20of%2030/model/Model.arxml, 1, Save
601, 75373, file:/tmp/Vitruv/SimuLinkToAutoSARPortTest/testCreateSingleConnectionFromBlockToOutPortBlock()/repetition%2016%20of%2030/model/Model.arxml, 2, Save
602, 71696, file:/tmp/Vitruv/SimuLinkToAutoSARPortTest/testCreateSingleConnectionFromBlockToOutPortBlock()/repetition%2016%20of%2030/model/Model.arxml, 3, Save
603, 62949, file:/tmp/Vitruv/SimuLinkToAutoSARPortTest/testCreateSingleConnectionFromBlockToOutPortBlock()/repetition%2016%20of%2030/model/Model.arxml, 4, Save
604, 68891, file:/tmp/Vitruv/SimuLinkToAutoSARPortTest/testCreateSingleConnectionFromBlockToOutPortBlock()/repetition%2016%20of%2030/model/Model.arxml, 5, Save
605, 134434, file:/tmp/Vitruv/SimuLinkToAutoSARPortTest/testCreateSingleConnectionFromBlockToOutPortBlock()/repetition%2016%20of%2030/model/Model.arxml, 8, Save
606, 118955, file:/tmp/Vitruv/SimuLinkToAutoSARPortTest/testCreateSingleConnectionFromBlockToOutPortBlock()/repetition%2017%20of%2030/model/Model.arxml, 1, Save
607, 80111, file:/tmp/Vitruv/SimuLinkToAutoSARPortTest/testCreateSingleConnectionFromBlockToOutPortBlock()/repetition%2017%20of%2030/model/Model.arxml, 2, Save
608, 62939, file:/tmp/Vitruv/SimuLinkToAutoSARPortTest/testCreateSingleConnectionFromBlockToOutPortBlock()/repetition%2017%20of%2030/model/Model.arxml, 3, Save
609, 75662, file:/tmp/Vitruv/SimuLinkToAutoSARPortTest/testCreateSingleConnectionFromBlockToOutPortBlock()/repetition%2017%20of%2030/model/Model.arxml, 4, Save
610, 63630, file:/tmp/Vitruv/SimuLinkToAutoSARPortTest/testCreateSingleConnectionFromBlockToOutPortBlock()/repetition%2017%20of%2030/model/Model.arxml, 5, Save
611, 160252, file:/tmp/Vitruv/SimuLinkToAutoSARPortTest/testCreateSingleConnectionFromBlockToOutPortBlock()/repetition%2017%20of%2030/model/Model.arxml, 8, Save
612, 122993, file:/tmp/Vitruv/SimuLinkToAutoSARPortTest/testCreateSingleConnectionFromBlockToOutPortBlock()/repetition%2018%20of%2030/model/Model.arxml, 1, Save
613, 75002, file:/tmp/Vitruv/SimuLinkToAutoSARPortTest/testCreateSingleConnectionFromBlockToOutPortBlock()/repetition%2018%20of%2030/model/Model.arxml, 2, Save
614, 64962, file:/tmp/Vitruv/SimuLinkToAutoSARPortTest/testCreateSingleConnectionFromBlockToOutPortBlock()/repetition%2018%20of%2030/model/Model.arxml, 3, Save
615, 59713, file:/tmp/Vitruv/SimuLinkToAutoSARPortTest/testCreateSingleConnectionFromBlockToOutPortBlock()/repetition%2018%20of%2030/model/Model.arxml, 4, Save
616, 62718, file:/tmp/Vitruv/SimuLinkToAutoSARPortTest/testCreateSingleConnectionFromBlockToOutPortBlock()/repetition%2018%20of%2030/model/Model.arxml, 5, Save
617, 145525, file:/tmp/Vitruv/SimuLinkToAutoSARPortTest/testCreateSingleConnectionFromBlockToOutPortBlock()/repetition%2018%20of%2030/model/Model.arxml, 8, Save
618, 116771, file:/tmp/Vitruv/SimuLinkToAutoSARPortTest/testCreateSingleConnectionFromBlockToOutPortBlock()/repetition%2019%20of%2030/model/Model.arxml, 1, Save
619, 83308, file:/tmp/Vitruv/SimuLinkToAutoSARPortTest/testCreateSingleConnectionFromBlockToOutPortBlock()/repetition%2019%20of%2030/model/Model.arxml, 2, Save
620, 57599, file:/tmp/Vitruv/SimuLinkToAutoSARPortTest/testCreateSingleConnectionFromBlockToOutPortBlock()/repetition%2019%20of%2030/model/Model.arxml, 3, Save
621, 63429, file:/tmp/Vitruv/SimuLinkToAutoSARPortTest/testCreateSingleConnectionFromBlockToOutPortBlock()/repetition%2019%20of%2030/model/Model.arxml, 4, Save
622, 58922, file:/tmp/Vitruv/SimuLinkToAutoSARPortTest/testCreateSingleConnectionFromBlockToOutPortBlock()/repetition%2019%20of%2030/model/Model.arxml, 5, Save
623, 107493, file:/tmp/Vitruv/SimuLinkToAutoSARPortTest/testCreateSingleConnectionFromBlockToOutPortBlock()/repetition%2019%20of%2030/model/Model.arxml, 8, Save
624, 118905, file:/tmp/Vitruv/SimuLinkToAutoSARPortTest/testCreateSingleConnectionFromBlockToOutPortBlock()/repetition%2020%20of%2030/model/Model.arxml, 1, Save
625, 72677, file:/tmp/Vitruv/SimuLinkToAutoSARPortTest/testCreateSingleConnectionFromBlockToOutPortBlock()/repetition%2020%20of%2030/model/Model.arxml, 2, Save
626, 59061, file:/tmp/Vitruv/SimuLinkToAutoSARPortTest/testCreateSingleConnectionFromBlockToOutPortBlock()/repetition%2020%20of%2030/model/Model.arxml, 3, Save
627, 57228, file:/tmp/Vitruv/SimuLinkToAutoSARPortTest/testCreateSingleConnectionFromBlockToOutPortBlock()/repetition%2020%20of%2030/model/Model.arxml, 4, Save
628, 109677, file:/tmp/Vitruv/SimuLinkToAutoSARPortTest/testCreateSingleConnectionFromBlockToOutPortBlock()/repetition%2020%20of%2030/model/Model.arxml, 5, Save
629, 150274, file:/tmp/Vitruv/SimuLinkToAutoSARPortTest/testCreateSingleConnectionFromBlockToOutPortBlock()/repetition%2020%20of%2030/model/Model.arxml, 8, Save
630, 148831, file:/tmp/Vitruv/SimuLinkToAutoSARPortTest/testCreateSingleConnectionFromBlockToOutPortBlock()/repetition%2021%20of%2030/model/Model.arxml, 1, Save
631, 98947, file:/tmp/Vitruv/SimuLinkToAutoSARPortTest/testCreateSingleConnectionFromBlockToOutPortBlock()/repetition%2021%20of%2030/model/Model.arxml, 2, Save
632, 79761, file:/tmp/Vitruv/SimuLinkToAutoSARPortTest/testCreateSingleConnectionFromBlockToOutPortBlock()/repetition%2021%20of%2030/model/Model.arxml, 3, Save
633, 65083, file:/tmp/Vitruv/SimuLinkToAutoSARPortTest/testCreateSingleConnectionFromBlockToOutPortBlock()/repetition%2021%20of%2030/model/Model.arxml, 4, Save
634, 66736, file:/tmp/Vitruv/SimuLinkToAutoSARPortTest/testCreateSingleConnectionFromBlockToOutPortBlock()/repetition%2021%20of%2030/model/Model.arxml, 5, Save
635, 100730, file:/tmp/Vitruv/SimuLinkToAutoSARPortTest/testCreateSingleConnectionFromBlockToOutPortBlock()/repetition%2021%20of%2030/model/Model.arxml, 8, Save
636, 140235, file:/tmp/Vitruv/SimuLinkToAutoSARPortTest/testCreateSingleConnectionFromBlockToOutPortBlock()/repetition%2022%20of%2030/model/Model.arxml, 1, Save
637, 93066, file:/tmp/Vitruv/SimuLinkToAutoSARPortTest/testCreateSingleConnectionFromBlockToOutPortBlock()/repetition%2022%20of%2030/model/Model.arxml, 2, Save
638, 87796, file:/tmp/Vitruv/SimuLinkToAutoSARPortTest/testCreateSingleConnectionFromBlockToOutPortBlock()/repetition%2022%20of%2030/model/Model.arxml, 3, Save
639, 154242, file:/tmp/Vitruv/SimuLinkToAutoSARPortTest/testCreateSingleConnectionFromBlockToOutPortBlock()/repetition%2022%20of%2030/model/Model.arxml, 4, Save
640, 102554, file:/tmp/Vitruv/SimuLinkToAutoSARPortTest/testCreateSingleConnectionFromBlockToOutPortBlock()/repetition%2022%20of%2030/model/Model.arxml, 5, Save
641, 173758, file:/tmp/Vitruv/SimuLinkToAutoSARPortTest/testCreateSingleConnectionFromBlockToOutPortBlock()/repetition%2022%20of%2030/model/Model.arxml, 8, Save
642, 120768, file:/tmp/Vitruv/SimuLinkToAutoSARPortTest/testCreateSingleConnectionFromBlockToOutPortBlock()/repetition%2023%20of%2030/model/Model.arxml, 1, Save
643, 76695, file:/tmp/Vitruv/SimuLinkToAutoSARPortTest/testCreateSingleConnectionFromBlockToOutPortBlock()/repetition%2023%20of%2030/model/Model.arxml, 2, Save
644, 64161, file:/tmp/Vitruv/SimuLinkToAutoSARPortTest/testCreateSingleConnectionFromBlockToOutPortBlock()/repetition%2023%20of%2030/model/Model.arxml, 3, Save
645, 65754, file:/tmp/Vitruv/SimuLinkToAutoSARPortTest/testCreateSingleConnectionFromBlockToOutPortBlock()/repetition%2023%20of%2030/model/Model.arxml, 4, Save
646, 66365, file:/tmp/Vitruv/SimuLinkToAutoSARPortTest/testCreateSingleConnectionFromBlockToOutPortBlock()/repetition%2023%20of%2030/model/Model.arxml, 5, Save
647, 125437, file:/tmp/Vitruv/SimuLinkToAutoSARPortTest/testCreateSingleConnectionFromBlockToOutPortBlock()/repetition%2023%20of%2030/model/Model.arxml, 8, Save
648, 197863, file:/tmp/Vitruv/SimuLinkToAutoSARPortTest/testCreateSingleConnectionFromBlockToOutPortBlock()/repetition%2024%20of%2030/model/Model.arxml, 1, Save
649, 124876, file:/tmp/Vitruv/SimuLinkToAutoSARPortTest/testCreateSingleConnectionFromBlockToOutPortBlock()/repetition%2024%20of%2030/model/Model.arxml, 2, Save
650, 71946, file:/tmp/Vitruv/SimuLinkToAutoSARPortTest/testCreateSingleConnectionFromBlockToOutPortBlock()/repetition%2024%20of%2030/model/Model.arxml, 3, Save
651, 72898, file:/tmp/Vitruv/SimuLinkToAutoSARPortTest/testCreateSingleConnectionFromBlockToOutPortBlock()/repetition%2024%20of%2030/model/Model.arxml, 4, Save
652, 70863, file:/tmp/Vitruv/SimuLinkToAutoSARPortTest/testCreateSingleConnectionFromBlockToOutPortBlock()/repetition%2024%20of%2030/model/Model.arxml, 5, Save
653, 135837, file:/tmp/Vitruv/SimuLinkToAutoSARPortTest/testCreateSingleConnectionFromBlockToOutPortBlock()/repetition%2024%20of%2030/model/Model.arxml, 8, Save
654, 171985, file:/tmp/Vitruv/SimuLinkToAutoSARPortTest/testCreateSingleConnectionFromBlockToOutPortBlock()/repetition%2025%20of%2030/model/Model.arxml, 1, Save
655, 137339, file:/tmp/Vitruv/SimuLinkToAutoSARPortTest/testCreateSingleConnectionFromBlockToOutPortBlock()/repetition%2025%20of%2030/model/Model.arxml, 2, Save
656, 77667, file:/tmp/Vitruv/SimuLinkToAutoSARPortTest/testCreateSingleConnectionFromBlockToOutPortBlock()/repetition%2025%20of%2030/model/Model.arxml, 3, Save
657, 67077, file:/tmp/Vitruv/SimuLinkToAutoSARPortTest/testCreateSingleConnectionFromBlockToOutPortBlock()/repetition%2025%20of%2030/model/Model.arxml, 4, Save
658, 65915, file:/tmp/Vitruv/SimuLinkToAutoSARPortTest/testCreateSingleConnectionFromBlockToOutPortBlock()/repetition%2025%20of%2030/model/Model.arxml, 5, Save
659, 111370, file:/tmp/Vitruv/SimuLinkToAutoSARPortTest/testCreateSingleConnectionFromBlockToOutPortBlock()/repetition%2025%20of%2030/model/Model.arxml, 8, Save
660, 112883, file:/tmp/Vitruv/SimuLinkToAutoSARPortTest/testCreateSingleConnectionFromBlockToOutPortBlock()/repetition%2026%20of%2030/model/Model.arxml, 1, Save
661, 82566, file:/tmp/Vitruv/SimuLinkToAutoSARPortTest/testCreateSingleConnectionFromBlockToOutPortBlock()/repetition%2026%20of%2030/model/Model.arxml, 2, Save
662, 79661, file:/tmp/Vitruv/SimuLinkToAutoSARPortTest/testCreateSingleConnectionFromBlockToOutPortBlock()/repetition%2026%20of%2030/model/Model.arxml, 3, Save
663, 67047, file:/tmp/Vitruv/SimuLinkToAutoSARPortTest/testCreateSingleConnectionFromBlockToOutPortBlock()/repetition%2026%20of%2030/model/Model.arxml, 4, Save
664, 64061, file:/tmp/Vitruv/SimuLinkToAutoSARPortTest/testCreateSingleConnectionFromBlockToOutPortBlock()/repetition%2026%20of%2030/model/Model.arxml, 5, Save
665, 149442, file:/tmp/Vitruv/SimuLinkToAutoSARPortTest/testCreateSingleConnectionFromBlockToOutPortBlock()/repetition%2026%20of%2030/model/Model.arxml, 8, Save
666, 114586, file:/tmp/Vitruv/SimuLinkToAutoSARPortTest/testCreateSingleConnectionFromBlockToOutPortBlock()/repetition%2027%20of%2030/model/Model.arxml, 1, Save
667, 79380, file:/tmp/Vitruv/SimuLinkToAutoSARPortTest/testCreateSingleConnectionFromBlockToOutPortBlock()/repetition%2027%20of%2030/model/Model.arxml, 2, Save
668, 85561, file:/tmp/Vitruv/SimuLinkToAutoSARPortTest/testCreateSingleConnectionFromBlockToOutPortBlock()/repetition%2027%20of%2030/model/Model.arxml, 3, Save
669, 66817, file:/tmp/Vitruv/SimuLinkToAutoSARPortTest/testCreateSingleConnectionFromBlockToOutPortBlock()/repetition%2027%20of%2030/model/Model.arxml, 4, Save
670, 125337, file:/tmp/Vitruv/SimuLinkToAutoSARPortTest/testCreateSingleConnectionFromBlockToOutPortBlock()/repetition%2027%20of%2030/model/Model.arxml, 5, Save
671, 155884, file:/tmp/Vitruv/SimuLinkToAutoSARPortTest/testCreateSingleConnectionFromBlockToOutPortBlock()/repetition%2027%20of%2030/model/Model.arxml, 8, Save
672, 150875, file:/tmp/Vitruv/SimuLinkToAutoSARPortTest/testCreateSingleConnectionFromBlockToOutPortBlock()/repetition%2028%20of%2030/model/Model.arxml, 1, Save
673, 105309, file:/tmp/Vitruv/SimuLinkToAutoSARPortTest/testCreateSingleConnectionFromBlockToOutPortBlock()/repetition%2028%20of%2030/model/Model.arxml, 2, Save
674, 99368, file:/tmp/Vitruv/SimuLinkToAutoSARPortTest/testCreateSingleConnectionFromBlockToOutPortBlock()/repetition%2028%20of%2030/model/Model.arxml, 3, Save
675, 108865, file:/tmp/Vitruv/SimuLinkToAutoSARPortTest/testCreateSingleConnectionFromBlockToOutPortBlock()/repetition%2028%20of%2030/model/Model.arxml, 4, Save
676, 88547, file:/tmp/Vitruv/SimuLinkToAutoSARPortTest/testCreateSingleConnectionFromBlockToOutPortBlock()/repetition%2028%20of%2030/model/Model.arxml, 5, Save
677, 135426, file:/tmp/Vitruv/SimuLinkToAutoSARPortTest/testCreateSingleConnectionFromBlockToOutPortBlock()/repetition%2028%20of%2030/model/Model.arxml, 8, Save
678, 122972, file:/tmp/Vitruv/SimuLinkToAutoSARPortTest/testCreateSingleConnectionFromBlockToOutPortBlock()/repetition%2029%20of%2030/model/Model.arxml, 1, Save
679, 74581, file:/tmp/Vitruv/SimuLinkToAutoSARPortTest/testCreateSingleConnectionFromBlockToOutPortBlock()/repetition%2029%20of%2030/model/Model.arxml, 2, Save
680, 74451, file:/tmp/Vitruv/SimuLinkToAutoSARPortTest/testCreateSingleConnectionFromBlockToOutPortBlock()/repetition%2029%20of%2030/model/Model.arxml, 3, Save
681, 72507, file:/tmp/Vitruv/SimuLinkToAutoSARPortTest/testCreateSingleConnectionFromBlockToOutPortBlock()/repetition%2029%20of%2030/model/Model.arxml, 4, Save
682, 117282, file:/tmp/Vitruv/SimuLinkToAutoSARPortTest/testCreateSingleConnectionFromBlockToOutPortBlock()/repetition%2029%20of%2030/model/Model.arxml, 5, Save
683, 241216, file:/tmp/Vitruv/SimuLinkToAutoSARPortTest/testCreateSingleConnectionFromBlockToOutPortBlock()/repetition%2029%20of%2030/model/Model.arxml, 8, Save
684, 151316, file:/tmp/Vitruv/SimuLinkToAutoSARPortTest/testCreateSingleConnectionFromBlockToOutPortBlock()/repetition%2030%20of%2030/model/Model.arxml, 1, Save
685, 89950, file:/tmp/Vitruv/SimuLinkToAutoSARPortTest/testCreateSingleConnectionFromBlockToOutPortBlock()/repetition%2030%20of%2030/model/Model.arxml, 2, Save
686, 89930, file:/tmp/Vitruv/SimuLinkToAutoSARPortTest/testCreateSingleConnectionFromBlockToOutPortBlock()/repetition%2030%20of%2030/model/Model.arxml, 3, Save
687, 89379, file:/tmp/Vitruv/SimuLinkToAutoSARPortTest/testCreateSingleConnectionFromBlockToOutPortBlock()/repetition%2030%20of%2030/model/Model.arxml, 4, Save
688, 115017, file:/tmp/Vitruv/SimuLinkToAutoSARPortTest/testCreateSingleConnectionFromBlockToOutPortBlock()/repetition%2030%20of%2030/model/Model.arxml, 5, Save
689, 201711, file:/tmp/Vitruv/SimuLinkToAutoSARPortTest/testCreateSingleConnectionFromBlockToOutPortBlock()/repetition%2030%20of%2030/model/Model.arxml, 8, Save
735, 129314, file:/tmp/Vitruv/SimuLinkToAutoSARPortTest/testCreateOutPortinSubSystem()/repetition%2016%20of%2030/model/Model.arxml, 1, Save
736, 174429, file:/tmp/Vitruv/SimuLinkToAutoSARPortTest/testCreateOutPortinSubSystem()/repetition%2016%20of%2030/model/Model.arxml, 2, Save
737, 78950, file:/tmp/Vitruv/SimuLinkToAutoSARPortTest/testCreateOutPortinSubSystem()/repetition%2016%20of%2030/model/Model.arxml, 3, Save
738, 123784, file:/tmp/Vitruv/SimuLinkToAutoSARPortTest/testCreateOutPortinSubSystem()/repetition%2017%20of%2030/model/Model.arxml, 1, Save
739, 73599, file:/tmp/Vitruv/SimuLinkToAutoSARPortTest/testCreateOutPortinSubSystem()/repetition%2017%20of%2030/model/Model.arxml, 2, Save
740, 67487, file:/tmp/Vitruv/SimuLinkToAutoSARPortTest/testCreateOutPortinSubSystem()/repetition%2017%20of%2030/model/Model.arxml, 3, Save
741, 109377, file:/tmp/Vitruv/SimuLinkToAutoSARPortTest/testCreateOutPortinSubSystem()/repetition%2018%20of%2030/model/Model.arxml, 1, Save
742, 73699, file:/tmp/Vitruv/SimuLinkToAutoSARPortTest/testCreateOutPortinSubSystem()/repetition%2018%20of%2030/model/Model.arxml, 2, Save
743, 61557, file:/tmp/Vitruv/SimuLinkToAutoSARPortTest/testCreateOutPortinSubSystem()/repetition%2018%20of%2030/model/Model.arxml, 3, Save
744, 202112, file:/tmp/Vitruv/SimuLinkToAutoSARPortTest/testCreateOutPortinSubSystem()/repetition%2019%20of%2030/model/Model.arxml, 1, Save
745, 176444, file:/tmp/Vitruv/SimuLinkToAutoSARPortTest/testCreateOutPortinSubSystem()/repetition%2019%20of%2030/model/Model.arxml, 2, Save
746, 126589, file:/tmp/Vitruv/SimuLinkToAutoSARPortTest/testCreateOutPortinSubSystem()/repetition%2019%20of%2030/model/Model.arxml, 3, Save
747, 146606, file:/tmp/Vitruv/SimuLinkToAutoSARPortTest/testCreateOutPortinSubSystem()/repetition%2020%20of%2030/model/Model.arxml, 1, Save
748, 89890, file:/tmp/Vitruv/SimuLinkToAutoSARPortTest/testCreateOutPortinSubSystem()/repetition%2020%20of%2030/model/Model.arxml, 2, Save
749, 75934, file:/tmp/Vitruv/SimuLinkToAutoSARPortTest/testCreateOutPortinSubSystem()/repetition%2020%20of%2030/model/Model.arxml, 3, Save
750, 128433, file:/tmp/Vitruv/SimuLinkToAutoSARPortTest/testCreateOutPortinSubSystem()/repetition%2021%20of%2030/model/Model.arxml, 1, Save
751, 84068, file:/tmp/Vitruv/SimuLinkToAutoSARPortTest/testCreateOutPortinSubSystem()/repetition%2021%20of%2030/model/Model.arxml, 2, Save
752, 74661, file:/tmp/Vitruv/SimuLinkToAutoSARPortTest/testCreateOutPortinSubSystem()/repetition%2021%20of%2030/model/Model.arxml, 3, Save
753, 151877, file:/tmp/Vitruv/SimuLinkToAutoSARPortTest/testCreateOutPortinSubSystem()/repetition%2022%20of%2030/model/Model.arxml, 1, Save
754, 113264, file:/tmp/Vitruv/SimuLinkToAutoSARPortTest/testCreateOutPortinSubSystem()/repetition%2022%20of%2030/model/Model.arxml, 2, Save
755, 131668, file:/tmp/Vitruv/SimuLinkToAutoSARPortTest/testCreateOutPortinSubSystem()/repetition%2022%20of%2030/model/Model.arxml, 3, Save
756, 127861, file:/tmp/Vitruv/SimuLinkToAutoSARPortTest/testCreateOutPortinSubSystem()/repetition%2023%20of%2030/model/Model.arxml, 1, Save
757, 82836, file:/tmp/Vitruv/SimuLinkToAutoSARPortTest/testCreateOutPortinSubSystem()/repetition%2023%20of%2030/model/Model.arxml, 2, Save
758, 69010, file:/tmp/Vitruv/SimuLinkToAutoSARPortTest/testCreateOutPortinSubSystem()/repetition%2023%20of%2030/model/Model.arxml, 3, Save
759, 121219, file:/tmp/Vitruv/SimuLinkToAutoSARPortTest/testCreateOutPortinSubSystem()/repetition%2024%20of%2030/model/Model.arxml, 1, Save
760, 76354, file:/tmp/Vitruv/SimuLinkToAutoSARPortTest/testCreateOutPortinSubSystem()/repetition%2024%20of%2030/model/Model.arxml, 2, Save
761, 71365, file:/tmp/Vitruv/SimuLinkToAutoSARPortTest/testCreateOutPortinSubSystem()/repetition%2024%20of%2030/model/Model.arxml, 3, Save
762, 130306, file:/tmp/Vitruv/SimuLinkToAutoSARPortTest/testCreateOutPortinSubSystem()/repetition%2025%20of%2030/model/Model.arxml, 1, Save
763, 98907, file:/tmp/Vitruv/SimuLinkToAutoSARPortTest/testCreateOutPortinSubSystem()/repetition%2025%20of%2030/model/Model.arxml, 2, Save
764, 69371, file:/tmp/Vitruv/SimuLinkToAutoSARPortTest/testCreateOutPortinSubSystem()/repetition%2025%20of%2030/model/Model.arxml, 3, Save
765, 115459, file:/tmp/Vitruv/SimuLinkToAutoSARPortTest/testCreateOutPortinSubSystem()/repetition%2026%20of%2030/model/Model.arxml, 1, Save
766, 87365, file:/tmp/Vitruv/SimuLinkToAutoSARPortTest/testCreateOutPortinSubSystem()/repetition%2026%20of%2030/model/Model.arxml, 2, Save
767, 67828, file:/tmp/Vitruv/SimuLinkToAutoSARPortTest/testCreateOutPortinSubSystem()/repetition%2026%20of%2030/model/Model.arxml, 3, Save
768, 149833, file:/tmp/Vitruv/SimuLinkToAutoSARPortTest/testCreateOutPortinSubSystem()/repetition%2027%20of%2030/model/Model.arxml, 1, Save
769, 87515, file:/tmp/Vitruv/SimuLinkToAutoSARPortTest/testCreateOutPortinSubSystem()/repetition%2027%20of%2030/model/Model.arxml, 2, Save
770, 112132, file:/tmp/Vitruv/SimuLinkToAutoSARPortTest/testCreateOutPortinSubSystem()/repetition%2027%20of%2030/model/Model.arxml, 3, Save
771, 123944, file:/tmp/Vitruv/SimuLinkToAutoSARPortTest/testCreateOutPortinSubSystem()/repetition%2028%20of%2030/model/Model.arxml, 1, Save
772, 103275, file:/tmp/Vitruv/SimuLinkToAutoSARPortTest/testCreateOutPortinSubSystem()/repetition%2028%20of%2030/model/Model.arxml, 2, Save
773, 81664, file:/tmp/Vitruv/SimuLinkToAutoSARPortTest/testCreateOutPortinSubSystem()/repetition%2028%20of%2030/model/Model.arxml, 3, Save
774, 141487, file:/tmp/Vitruv/SimuLinkToAutoSARPortTest/testCreateOutPortinSubSystem()/repetition%2029%20of%2030/model/Model.arxml, 1, Save
775, 75272, file:/tmp/Vitruv/SimuLinkToAutoSARPortTest/testCreateOutPortinSubSystem()/repetition%2029%20of%2030/model/Model.arxml, 2, Save
776, 127801, file:/tmp/Vitruv/SimuLinkToAutoSARPortTest/testCreateOutPortinSubSystem()/repetition%2029%20of%2030/model/Model.arxml, 3, Save
777, 119686, file:/tmp/Vitruv/SimuLinkToAutoSARPortTest/testCreateOutPortinSubSystem()/repetition%2030%20of%2030/model/Model.arxml, 1, Save
778, 63941, file:/tmp/Vitruv/SimuLinkToAutoSARPortTest/testCreateOutPortinSubSystem()/repetition%2030%20of%2030/model/Model.arxml, 2, Save
779, 62598, file:/tmp/Vitruv/SimuLinkToAutoSARPortTest/testCreateOutPortinSubSystem()/repetition%2030%20of%2030/model/Model.arxml, 3, Save
870, 127241, file:/tmp/Vitruv/SimuLinkToAutoSARPortTest/testCreateSingleConnectionBetweenTwoBlocks()/repetition%2016%20of%2030/model/Model.arxml, 1, Save
871, 72467, file:/tmp/Vitruv/SimuLinkToAutoSARPortTest/testCreateSingleConnectionBetweenTwoBlocks()/repetition%2016%20of%2030/model/Model.arxml, 2, Save
872, 62949, file:/tmp/Vitruv/SimuLinkToAutoSARPortTest/testCreateSingleConnectionBetweenTwoBlocks()/repetition%2016%20of%2030/model/Model.arxml, 3, Save
873, 80011, file:/tmp/Vitruv/SimuLinkToAutoSARPortTest/testCreateSingleConnectionBetweenTwoBlocks()/repetition%2016%20of%2030/model/Model.arxml, 4, Save
874, 64462, file:/tmp/Vitruv/SimuLinkToAutoSARPortTest/testCreateSingleConnectionBetweenTwoBlocks()/repetition%2016%20of%2030/model/Model.arxml, 5, Save
875, 124886, file:/tmp/Vitruv/SimuLinkToAutoSARPortTest/testCreateSingleConnectionBetweenTwoBlocks()/repetition%2016%20of%2030/model/Model.arxml, 7, Save
876, 133031, file:/tmp/Vitruv/SimuLinkToAutoSARPortTest/testCreateSingleConnectionBetweenTwoBlocks()/repetition%2017%20of%2030/model/Model.arxml, 1, Save
877, 117813, file:/tmp/Vitruv/SimuLinkToAutoSARPortTest/testCreateSingleConnectionBetweenTwoBlocks()/repetition%2017%20of%2030/model/Model.arxml, 2, Save
878, 63480, file:/tmp/Vitruv/SimuLinkToAutoSARPortTest/testCreateSingleConnectionBetweenTwoBlocks()/repetition%2017%20of%2030/model/Model.arxml, 3, Save
879, 64171, file:/tmp/Vitruv/SimuLinkToAutoSARPortTest/testCreateSingleConnectionBetweenTwoBlocks()/repetition%2017%20of%2030/model/Model.arxml, 4, Save
880, 61516, file:/tmp/Vitruv/SimuLinkToAutoSARPortTest/testCreateSingleConnectionBetweenTwoBlocks()/repetition%2017%20of%2030/model/Model.arxml, 5, Save
881, 94458, file:/tmp/Vitruv/SimuLinkToAutoSARPortTest/testCreateSingleConnectionBetweenTwoBlocks()/repetition%2017%20of%2030/model/Model.arxml, 7, Save
882, 152759, file:/tmp/Vitruv/SimuLinkToAutoSARPortTest/testCreateSingleConnectionBetweenTwoBlocks()/repetition%2018%20of%2030/model/Model.arxml, 1, Save
883, 118985, file:/tmp/Vitruv/SimuLinkToAutoSARPortTest/testCreateSingleConnectionBetweenTwoBlocks()/repetition%2018%20of%2030/model/Model.arxml, 2, Save
884, 123723, file:/tmp/Vitruv/SimuLinkToAutoSARPortTest/testCreateSingleConnectionBetweenTwoBlocks()/repetition%2018%20of%2030/model/Model.arxml, 3, Save
885, 170652, file:/tmp/Vitruv/SimuLinkToAutoSARPortTest/testCreateSingleConnectionBetweenTwoBlocks()/repetition%2018%20of%2030/model/Model.arxml, 4, Save
886, 127911, file:/tmp/Vitruv/SimuLinkToAutoSARPortTest/testCreateSingleConnectionBetweenTwoBlocks()/repetition%2018%20of%2030/model/Model.arxml, 5, Save
887, 110048, file:/tmp/Vitruv/SimuLinkToAutoSARPortTest/testCreateSingleConnectionBetweenTwoBlocks()/repetition%2018%20of%2030/model/Model.arxml, 7, Save
888, 129064, file:/tmp/Vitruv/SimuLinkToAutoSARPortTest/testCreateSingleConnectionBetweenTwoBlocks()/repetition%2019%20of%2030/model/Model.arxml, 1, Save
889, 76855, file:/tmp/Vitruv/SimuLinkToAutoSARPortTest/testCreateSingleConnectionBetweenTwoBlocks()/repetition%2019%20of%2030/model/Model.arxml, 2, Save
890, 77957, file:/tmp/Vitruv/SimuLinkToAutoSARPortTest/testCreateSingleConnectionBetweenTwoBlocks()/repetition%2019%20of%2030/model/Model.arxml, 3, Save
891, 90000, file:/tmp/Vitruv/SimuLinkToAutoSARPortTest/testCreateSingleConnectionBetweenTwoBlocks()/repetition%2019%20of%2030/model/Model.arxml, 4, Save
892, 78358, file:/tmp/Vitruv/SimuLinkToAutoSARPortTest/testCreateSingleConnectionBetweenTwoBlocks()/repetition%2019%20of%2030/model/Model.arxml, 5, Save
893, 103686, file:/tmp/Vitruv/SimuLinkToAutoSARPortTest/testCreateSingleConnectionBetweenTwoBlocks()/repetition%2019%20of%2030/model/Model.arxml, 7, Save
894, 142559, file:/tmp/Vitruv/SimuLinkToAutoSARPortTest/testCreateSingleConnectionBetweenTwoBlocks()/repetition%2020%20of%2030/model/Model.arxml, 1, Save
895, 98085, file:/tmp/Vitruv/SimuLinkToAutoSARPortTest/testCreateSingleConnectionBetweenTwoBlocks()/repetition%2020%20of%2030/model/Model.arxml, 2, Save
896, 84871, file:/tmp/Vitruv/SimuLinkToAutoSARPortTest/testCreateSingleConnectionBetweenTwoBlocks()/repetition%2020%20of%2030/model/Model.arxml, 3, Save
897, 73819, file:/tmp/Vitruv/SimuLinkToAutoSARPortTest/testCreateSingleConnectionBetweenTwoBlocks()/repetition%2020%20of%2030/model/Model.arxml, 4, Save
898, 78518, file:/tmp/Vitruv/SimuLinkToAutoSARPortTest/testCreateSingleConnectionBetweenTwoBlocks()/repetition%2020%20of%2030/model/Model.arxml, 5, Save
899, 118674, file:/tmp/Vitruv/SimuLinkToAutoSARPortTest/testCreateSingleConnectionBetweenTwoBlocks()/repetition%2020%20of%2030/model/Model.arxml, 7, Save
900, 207552, file:/tmp/Vitruv/SimuLinkToAutoSARPortTest/testCreateSingleConnectionBetweenTwoBlocks()/repetition%2021%20of%2030/model/Model.arxml, 1, Save
901, 121379, file:/tmp/Vitruv/SimuLinkToAutoSARPortTest/testCreateSingleConnectionBetweenTwoBlocks()/repetition%2021%20of%2030/model/Model.arxml, 2, Save
902, 100670, file:/tmp/Vitruv/SimuLinkToAutoSARPortTest/testCreateSingleConnectionBetweenTwoBlocks()/repetition%2021%20of%2030/model/Model.arxml, 3, Save
903, 72326, file:/tmp/Vitruv/SimuLinkToAutoSARPortTest/testCreateSingleConnectionBetweenTwoBlocks()/repetition%2021%20of%2030/model/Model.arxml, 4, Save
904, 91733, file:/tmp/Vitruv/SimuLinkToAutoSARPortTest/testCreateSingleConnectionBetweenTwoBlocks()/repetition%2021%20of%2030/model/Model.arxml, 5, Save
905, 159962, file:/tmp/Vitruv/SimuLinkToAutoSARPortTest/testCreateSingleConnectionBetweenTwoBlocks()/repetition%2021%20of%2030/model/Model.arxml, 7, Save
906, 153570, file:/tmp/Vitruv/SimuLinkToAutoSARPortTest/testCreateSingleConnectionBetweenTwoBlocks()/repetition%2022%20of%2030/model/Model.arxml, 1, Save
907, 68430, file:/tmp/Vitruv/SimuLinkToAutoSARPortTest/testCreateSingleConnectionBetweenTwoBlocks()/repetition%2022%20of%2030/model/Model.arxml, 2, Save
908, 57208, file:/tmp/Vitruv/SimuLinkToAutoSARPortTest/testCreateSingleConnectionBetweenTwoBlocks()/repetition%2022%20of%2030/model/Model.arxml, 3, Save
909, 54884, file:/tmp/Vitruv/SimuLinkToAutoSARPortTest/testCreateSingleConnectionBetweenTwoBlocks()/repetition%2022%20of%2030/model/Model.arxml, 4, Save
910, 55335, file:/tmp/Vitruv/SimuLinkToAutoSARPortTest/testCreateSingleConnectionBetweenTwoBlocks()/repetition%2022%20of%2030/model/Model.arxml, 5, Save
911, 91042, file:/tmp/Vitruv/SimuLinkToAutoSARPortTest/testCreateSingleConnectionBetweenTwoBlocks()/repetition%2022%20of%2030/model/Model.arxml, 7, Save
912, 114446, file:/tmp/Vitruv/SimuLinkToAutoSARPortTest/testCreateSingleConnectionBetweenTwoBlocks()/repetition%2023%20of%2030/model/Model.arxml, 1, Save
913, 69831, file:/tmp/Vitruv/SimuLinkToAutoSARPortTest/testCreateSingleConnectionBetweenTwoBlocks()/repetition%2023%20of%2030/model/Model.arxml, 2, Save
914, 74150, file:/tmp/Vitruv/SimuLinkToAutoSARPortTest/testCreateSingleConnectionBetweenTwoBlocks()/repetition%2023%20of%2030/model/Model.arxml, 3, Save
915, 57418, file:/tmp/Vitruv/SimuLinkToAutoSARPortTest/testCreateSingleConnectionBetweenTwoBlocks()/repetition%2023%20of%2030/model/Model.arxml, 4, Save
916, 68740, file:/tmp/Vitruv/SimuLinkToAutoSARPortTest/testCreateSingleConnectionBetweenTwoBlocks()/repetition%2023%20of%2030/model/Model.arxml, 5, Save
917, 87675, file:/tmp/Vitruv/SimuLinkToAutoSARPortTest/testCreateSingleConnectionBetweenTwoBlocks()/repetition%2023%20of%2030/model/Model.arxml, 7, Save
918, 130457, file:/tmp/Vitruv/SimuLinkToAutoSARPortTest/testCreateSingleConnectionBetweenTwoBlocks()/repetition%2024%20of%2030/model/Model.arxml, 1, Save
919, 75934, file:/tmp/Vitruv/SimuLinkToAutoSARPortTest/testCreateSingleConnectionBetweenTwoBlocks()/repetition%2024%20of%2030/model/Model.arxml, 2, Save
920, 56807, file:/tmp/Vitruv/SimuLinkToAutoSARPortTest/testCreateSingleConnectionBetweenTwoBlocks()/repetition%2024%20of%2030/model/Model.arxml, 3, Save
921, 52880, file:/tmp/Vitruv/SimuLinkToAutoSARPortTest/testCreateSingleConnectionBetweenTwoBlocks()/repetition%2024%20of%2030/model/Model.arxml, 4, Save
922, 58119, file:/tmp/Vitruv/SimuLinkToAutoSARPortTest/testCreateSingleConnectionBetweenTwoBlocks()/repetition%2024%20of%2030/model/Model.arxml, 5, Save
923, 88147, file:/tmp/Vitruv/SimuLinkToAutoSARPortTest/testCreateSingleConnectionBetweenTwoBlocks()/repetition%2024%20of%2030/model/Model.arxml, 7, Save
924, 164591, file:/tmp/Vitruv/SimuLinkToAutoSARPortTest/testCreateSingleConnectionBetweenTwoBlocks()/repetition%2025%20of%2030/model/Model.arxml, 1, Save
925, 70594, file:/tmp/Vitruv/SimuLinkToAutoSARPortTest/testCreateSingleConnectionBetweenTwoBlocks()/repetition%2025%20of%2030/model/Model.arxml, 2, Save
926, 56948, file:/tmp/Vitruv/SimuLinkToAutoSARPortTest/testCreateSingleConnectionBetweenTwoBlocks()/repetition%2025%20of%2030/model/Model.arxml, 3, Save
927, 53641, file:/tmp/Vitruv/SimuLinkToAutoSARPortTest/testCreateSingleConnectionBetweenTwoBlocks()/repetition%2025%20of%2030/model/Model.arxml, 4, Save
928, 57308, file:/tmp/Vitruv/SimuLinkToAutoSARPortTest/testCreateSingleConnectionBetweenTwoBlocks()/repetition%2025%20of%2030/model/Model.arxml, 5, Save
929, 90401, file:/tmp/Vitruv/SimuLinkToAutoSARPortTest/testCreateSingleConnectionBetweenTwoBlocks()/repetition%2025%20of%2030/model/Model.arxml, 7, Save
930, 119316, file:/tmp/Vitruv/SimuLinkToAutoSARPortTest/testCreateSingleConnectionBetweenTwoBlocks()/repetition%2026%20of%2030/model/Model.arxml, 1, Save
931, 71706, file:/tmp/Vitruv/SimuLinkToAutoSARPortTest/testCreateSingleConnectionBetweenTwoBlocks()/repetition%2026%20of%2030/model/Model.arxml, 2, Save
932, 55765, file:/tmp/Vitruv/SimuLinkToAutoSARPortTest/testCreateSingleConnectionBetweenTwoBlocks()/repetition%2026%20of%2030/model/Model.arxml, 3, Save
933, 81865, file:/tmp/Vitruv/SimuLinkToAutoSARPortTest/testCreateSingleConnectionBetweenTwoBlocks()/repetition%2026%20of%2030/model/Model.arxml, 4, Save
934, 77777, file:/tmp/Vitruv/SimuLinkToAutoSARPortTest/testCreateSingleConnectionBetweenTwoBlocks()/repetition%2026%20of%2030/model/Model.arxml, 5, Save
935, 96392, file:/tmp/Vitruv/SimuLinkToAutoSARPortTest/testCreateSingleConnectionBetweenTwoBlocks()/repetition%2026%20of%2030/model/Model.arxml, 7, Save
936, 113774, file:/tmp/Vitruv/SimuLinkToAutoSARPortTest/testCreateSingleConnectionBetweenTwoBlocks()/repetition%2027%20of%2030/model/Model.arxml, 1, Save
937, 67437, file:/tmp/Vitruv/SimuLinkToAutoSARPortTest/testCreateSingleConnectionBetweenTwoBlocks()/repetition%2027%20of%2030/model/Model.arxml, 2, Save
938, 55545, file:/tmp/Vitruv/SimuLinkToAutoSARPortTest/testCreateSingleConnectionBetweenTwoBlocks()/repetition%2027%20of%2030/model/Model.arxml, 3, Save
939, 56106, file:/tmp/Vitruv/SimuLinkToAutoSARPortTest/testCreateSingleConnectionBetweenTwoBlocks()/repetition%2027%20of%2030/model/Model.arxml, 4, Save
940, 59623, file:/tmp/Vitruv/SimuLinkToAutoSARPortTest/testCreateSingleConnectionBetweenTwoBlocks()/repetition%2027%20of%2030/model/Model.arxml, 5, Save
941, 93176, file:/tmp/Vitruv/SimuLinkToAutoSARPortTest/testCreateSingleConnectionBetweenTwoBlocks()/repetition%2027%20of%2030/model/Model.arxml, 7, Save
942, 161585, file:/tmp/Vitruv/SimuLinkToAutoSARPortTest/testCreateSingleConnectionBetweenTwoBlocks()/repetition%2028%20of%2030/model/Model.arxml, 1, Save
943, 83006, file:/tmp/Vitruv/SimuLinkToAutoSARPortTest/testCreateSingleConnectionBetweenTwoBlocks()/repetition%2028%20of%2030/model/Model.arxml, 2, Save
944, 96442, file:/tmp/Vitruv/SimuLinkToAutoSARPortTest/testCreateSingleConnectionBetweenTwoBlocks()/repetition%2028%20of%2030/model/Model.arxml, 3, Save
945, 144252, file:/tmp/Vitruv/SimuLinkToAutoSARPortTest/testCreateSingleConnectionBetweenTwoBlocks()/repetition%2028%20of%2030/model/Model.arxml, 4, Save
946, 76564, file:/tmp/Vitruv/SimuLinkToAutoSARPortTest/testCreateSingleConnectionBetweenTwoBlocks()/repetition%2028%20of%2030/model/Model.arxml, 5, Save
947, 98476, file:/tmp/Vitruv/SimuLinkToAutoSARPortTest/testCreateSingleConnectionBetweenTwoBlocks()/repetition%2028%20of%2030/model/Model.arxml, 7, Save
948, 116109, file:/tmp/Vitruv/SimuLinkToAutoSARPortTest/testCreateSingleConnectionBetweenTwoBlocks()/repetition%2029%20of%2030/model/Model.arxml, 1, Save
949, 69010, file:/tmp/Vitruv/SimuLinkToAutoSARPortTest/testCreateSingleConnectionBetweenTwoBlocks()/repetition%2029%20of%2030/model/Model.arxml, 2, Save
950, 62979, file:/tmp/Vitruv/SimuLinkToAutoSARPortTest/testCreateSingleConnectionBetweenTwoBlocks()/repetition%2029%20of%2030/model/Model.arxml, 3, Save
951, 59703, file:/tmp/Vitruv/SimuLinkToAutoSARPortTest/testCreateSingleConnectionBetweenTwoBlocks()/repetition%2029%20of%2030/model/Model.arxml, 4, Save
952, 67948, file:/tmp/Vitruv/SimuLinkToAutoSARPortTest/testCreateSingleConnectionBetweenTwoBlocks()/repetition%2029%20of%2030/model/Model.arxml, 5, Save
953, 95390, file:/tmp/Vitruv/SimuLinkToAutoSARPortTest/testCreateSingleConnectionBetweenTwoBlocks()/repetition%2029%20of%2030/model/Model.arxml, 7, Save
954, 120077, file:/tmp/Vitruv/SimuLinkToAutoSARPortTest/testCreateSingleConnectionBetweenTwoBlocks()/repetition%2030%20of%2030/model/Model.arxml, 1, Save
955, 94889, file:/tmp/Vitruv/SimuLinkToAutoSARPortTest/testCreateSingleConnectionBetweenTwoBlocks()/repetition%2030%20of%2030/model/Model.arxml, 2, Save
956, 60094, file:/tmp/Vitruv/SimuLinkToAutoSARPortTest/testCreateSingleConnectionBetweenTwoBlocks()/repetition%2030%20of%2030/model/Model.arxml, 3, Save
957, 63059, file:/tmp/Vitruv/SimuLinkToAutoSARPortTest/testCreateSingleConnectionBetweenTwoBlocks()/repetition%2030%20of%2030/model/Model.arxml, 4, Save
958, 58921, file:/tmp/Vitruv/SimuLinkToAutoSARPortTest/testCreateSingleConnectionBetweenTwoBlocks()/repetition%2030%20of%2030/model/Model.arxml, 5, Save
959, 88437, file:/tmp/Vitruv/SimuLinkToAutoSARPortTest/testCreateSingleConnectionBetweenTwoBlocks()/repetition%2030%20of%2030/model/Model.arxml, 7, Save
