EChangeType,Time,Commands
InsertRootEObject,14124026,1
CreateEObject,8927,0
CreateEObject,6352,0
InsertRootEObject,441477,1
CreateEObject,3156,0
InsertRootEObject,28834,1
CreateEObject,9578,0
InsertRootEObject,529051,1
ReplaceSingleValuedEReference,483326,1
ReplaceSingleValuedEAttribute,44513,1
InsertEReference,352010,1
CreateEObject,2836,0
InsertEReference,28142,1
ReplaceSingleValuedEAttribute,20157,1
InsertEReference,23213,1
CreateEObject,1613,0
InsertEReference,16451,1
InsertEReference,18735,1
CreateEObject,1784,0
ReplaceSingleValuedEAttribute,13845,1
InsertEReference,22202,1
CreateEObject,1443,0
CreateEObject,1493,0
InsertEReference,81262,1
ReplaceSingleValuedEAttribute,28904,1
CreateEObject,2034,0
InsertEReference,45846,1
InsertEReference,24626,1
CreateEObject,1723,0
InsertEReference,28082,1
ReplaceSingleValuedEAttribute,17843,1
InsertEReference,28383,1
CreateEObject,1703,0
InsertEReference,32531,1
ReplaceSingleValuedEAttribute,19847,1
ReplaceSingleValuedEReference,27472,1
CreateEObject,7124,0
InsertEReference,32631,1
ReplaceSingleValuedEAttribute,10660,1
CreateEObject,1693,0
InsertEReference,18495,1
InsertEReference,14397,1
CreateEObject,1523,0
InsertEReference,16381,1
ReplaceSingleValuedEAttribute,8616,1
InsertEReference,24626,1
CreateEObject,1513,0
InsertEReference,20438,1
ReplaceSingleValuedEAttribute,8846,1
ReplaceSingleValuedEReference,10640,1
CreateEObject,2054,0
InsertEReference,188864,1
ReplaceSingleValuedEAttribute,21551,1
CreateEObject,1483,0
InsertEReference,141114,1
InsertEReference,30928,1
CreateEObject,1483,0
InsertEReference,88296,1
ReplaceSingleValuedEAttribute,17373,1
InsertEReference,22943,1
CreateEObject,2054,0
InsertEReference,94186,1
ReplaceSingleValuedEAttribute,15990,1
ReplaceSingleValuedEReference,20188,1
InsertRootEObject,50414,1
CreateEObject,1623,0
CreateEObject,1452,0
InsertRootEObject,28524,1
CreateEObject,2024,0
InsertRootEObject,13956,1
CreateEObject,1643,0
InsertRootEObject,98254,1
ReplaceSingleValuedEAttribute,30096,1
InsertEReference,35496,1
CreateEObject,2264,0
CreateEObject,1412,0
InsertEReference,41347,1
ReplaceSingleValuedEAttribute,21350,1
CreateEObject,2695,0
InsertEReference,26169,1
ReplaceSingleValuedEAttribute,10269,1
CreateEObject,1913,0
InsertEReference,98505,1
ReplaceSingleValuedEAttribute,17042,1
DeleteEObject,4528,0
RemoveEReference,78467,1
RemoveEReference,32861,1
DeleteEObject,1563,0
RemoveEReference,18305,1
DeleteEObject,1533,0
RemoveEReference,25307,1
DeleteEObject,1433,0
InsertRootEObject,57177,1
CreateEObject,2705,0
CreateEObject,2044,0
InsertRootEObject,50726,1
CreateEObject,2124,0
InsertRootEObject,14868,1
CreateEObject,1623,0
InsertRootEObject,227146,1
InsertRootEObject,55675,1
CreateEObject,1833,0
CreateEObject,1503,0
InsertRootEObject,29585,1
CreateEObject,5781,0
InsertRootEObject,13155,1
CreateEObject,1623,0
InsertRootEObject,97994,1
InsertRootEObject,53680,1
CreateEObject,1713,0
CreateEObject,1413,0
InsertRootEObject,32642,1
CreateEObject,7253,0
InsertRootEObject,16451,1
CreateEObject,1663,0
InsertRootEObject,98825,1
ReplaceSingleValuedEAttribute,49282,1
InsertEReference,31809,1
CreateEObject,1994,0
CreateEObject,1032,0
InsertEReference,40256,1
ReplaceSingleValuedEAttribute,17573,1
CreateEObject,2084,0
InsertEReference,25087,1
ReplaceSingleValuedEAttribute,10550,1
CreateEObject,1343,0
InsertEReference,94998,1
ReplaceSingleValuedEAttribute,16691,1
InsertEReference,31089,1
CreateEObject,1192,0
CreateEObject,912,0
InsertEReference,29616,1
CreateEObject,1232,0
InsertEReference,19637,1
CreateEObject,1032,0
InsertEReference,81082,1
InsertRootEObject,57448,1
CreateEObject,1243,0
CreateEObject,1193,0
InsertRootEObject,44724,1
CreateEObject,1733,0
InsertRootEObject,15409,1
CreateEObject,1072,0
InsertRootEObject,77154,1
ReplaceSingleValuedEAttribute,34836,1
InsertEReference,29475,1
CreateEObject,1704,0
CreateEObject,1032,0
InsertEReference,36358,1
ReplaceSingleValuedEAttribute,43161,1
CreateEObject,2094,0
InsertEReference,39454,1
ReplaceSingleValuedEAttribute,12533,1
CreateEObject,1132,0
InsertEReference,106459,1
ReplaceSingleValuedEAttribute,20268,1
InsertRootEObject,88445,1
CreateEObject,1523,0
CreateEObject,942,0
InsertRootEObject,41819,1
CreateEObject,2063,0
InsertRootEObject,16681,1
CreateEObject,1704,0
InsertRootEObject,100428,1
ReplaceSingleValuedEAttribute,34054,1
InsertEReference,35086,1
CreateEObject,1372,0
CreateEObject,1072,0
InsertEReference,38993,1
ReplaceSingleValuedEAttribute,16060,1
CreateEObject,1483,0
InsertEReference,31148,1
ReplaceSingleValuedEAttribute,9267,1
CreateEObject,1293,0
InsertEReference,69059,1
ReplaceSingleValuedEAttribute,15319,1
DeleteEObject,4920,0
RemoveEReference,72596,1
ReplaceSingleValuedEAttribute,21500,1
InsertEReference,21400,1
CreateEObject,1152,0
CreateEObject,1232,0
InsertEReference,33262,1
ReplaceSingleValuedEAttribute,18004,1
RemoveEReference,33022,1
DeleteEObject,1222,0
CreateEObject,1293,0
InsertEReference,18304,1
ReplaceSingleValuedEAttribute,7704,1
RemoveEReference,33212,1
DeleteEObject,1011,0
CreateEObject,1232,0
InsertEReference,60814,1
ReplaceSingleValuedEAttribute,13805,1
RemoveEReference,15479,1
DeleteEObject,872,0
